"Project","Category","FileName","Type","SizeKB","LastModified","FullPath"
"Union Walk","(root)","Union Walk Conditional Lien Waiver - Blank.pdf",".pdf","113.6","2025-12-19 09:43","I:\.shortcut-targets-by-id\1fkt3Xe3wDSNU3-8StUP8qu7ATEJkGMI0\Summa Terra Ventures Company Folder\Projects\Utah\Union Walk\Construction\Pay Apps   Draws\Union Walk Conditional Lien Waiver - Blank.pdf"
"Union Walk","(root)","Union Walk Budget Reconciliation wChange Orders.gdoc",".gdoc","0.2","2026-01-15 14:06","I:\.shortcut-targets-by-id\1fkt3Xe3wDSNU3-8StUP8qu7ATEJkGMI0\Summa Terra Ventures Company Folder\Projects\Utah\Union Walk\Construction\Pay Apps   Draws\Union Walk Budget Reconciliation wChange Orders.gdoc"
"Union Walk","(root)","Union Walk Budget Reconciliation wChange Orders 1-2-2026.pdf",".pdf","137.3","2026-01-15 14:08","I:\.shortcut-targets-by-id\1fkt3Xe3wDSNU3-8StUP8qu7ATEJkGMI0\Summa Terra Ventures Company Folder\Projects\Utah\Union Walk\Construction\Pay Apps   Draws\Union Walk Budget Reconciliation wChange Orders 1-2-2026.pdf"
"Union Walk","(root)","1-15-2026 Union Walk Budget Reconciliation wChange Orders.gdoc",".gdoc","0.2","2026-01-15 15:43","I:\.shortcut-targets-by-id\1fkt3Xe3wDSNU3-8StUP8qu7ATEJkGMI0\Summa Terra Ventures Company Folder\Projects\Utah\Union Walk\Construction\Pay Apps   Draws\1-15-2026 Union Walk Budget Reconciliation wChange Orders.gdoc"
"Union Walk","(root)","Change_Orders_UW_Change_Order_1758832065.gsheet",".gsheet","0.2","2026-01-15 15:53","I:\.shortcut-targets-by-id\1fkt3Xe3wDSNU3-8StUP8qu7ATEJkGMI0\Summa Terra Ventures Company Folder\Projects\Utah\Union Walk\Construction\Pay Apps   Draws\Change_Orders_UW_Change_Order_1758832065.gsheet"
"Union Walk","Pay App 12","Union Walk Draw #12 (3-17-26).pdf",".pdf","23215.9","2026-03-20 10:29","I:\.shortcut-targets-by-id\1fkt3Xe3wDSNU3-8StUP8qu7ATEJkGMI0\Summa Terra Ventures Company Folder\Projects\Utah\Union Walk\Construction\Pay Apps   Draws\Pay App 12\Union Walk Draw #12 (3-17-26).pdf"
"Union Walk","Pay App 12","2026.04.01_Betzy-EMAIL_Union Walk_Station Draw 12_Additional Invoice to the Loan.pdf",".pdf","141.7","2026-04-02 10:29","I:\.shortcut-targets-by-id\1fkt3Xe3wDSNU3-8StUP8qu7ATEJkGMI0\Summa Terra Ventures Company Folder\Projects\Utah\Union Walk\Construction\Pay Apps   Draws\Pay App 12\2026.04.01_Betzy-EMAIL_Union Walk_Station Draw 12_Additional Invoice to the Loan.pdf"
"Union Walk","Pay App 12","Union Walk Draw #12 (3-17-26) - SIGNED.pdf",".pdf","23302.8","2026-03-23 13:16","I:\.shortcut-targets-by-id\1fkt3Xe3wDSNU3-8StUP8qu7ATEJkGMI0\Summa Terra Ventures Company Folder\Projects\Utah\Union Walk\Construction\Pay Apps   Draws\Pay App 12\Union Walk Draw #12 (3-17-26) - SIGNED.pdf"
"Union Walk","Pay App 12\Archive","Union Walk Draw #12 (3-13-26).pdf",".pdf","20690","2026-03-13 12:02","I:\.shortcut-targets-by-id\1fkt3Xe3wDSNU3-8StUP8qu7ATEJkGMI0\Summa Terra Ventures Company Folder\Projects\Utah\Union Walk\Construction\Pay Apps   Draws\Pay App 12\Archive\Union Walk Draw #12 (3-13-26).pdf"
"Union Walk","Pay App 01","Union Walk Draw 1 (12-17-24) (version 4) (1).pdf",".pdf","4099.2","2025-02-18 13:01","I:\.shortcut-targets-by-id\1fkt3Xe3wDSNU3-8StUP8qu7ATEJkGMI0\Summa Terra Ventures Company Folder\Projects\Utah\Union Walk\Construction\Pay Apps   Draws\Pay App 01\Union Walk Draw 1 (12-17-24) (version 4) (1).pdf"
"Union Walk","Pay App 02","Union Walk Draw 2 (3-12-25).pdf",".pdf","7283.7","2025-03-13 11:34","I:\.shortcut-targets-by-id\1fkt3Xe3wDSNU3-8StUP8qu7ATEJkGMI0\Summa Terra Ventures Company Folder\Projects\Utah\Union Walk\Construction\Pay Apps   Draws\Pay App 02\Union Walk Draw 2 (3-12-25).pdf"
"Union Walk","Pay App 02\Archive","Union Walk Draw 2 (2-12-25).pdf",".pdf","5988","2025-02-18 13:02","I:\.shortcut-targets-by-id\1fkt3Xe3wDSNU3-8StUP8qu7ATEJkGMI0\Summa Terra Ventures Company Folder\Projects\Utah\Union Walk\Construction\Pay Apps   Draws\Pay App 02\Archive\Union Walk Draw 2 (2-12-25).pdf"
"Union Walk","Pay App 02\Archive","Union Walk Draw 2 (3-7-25).pdf",".pdf","7583.9","2025-03-10 14:40","I:\.shortcut-targets-by-id\1fkt3Xe3wDSNU3-8StUP8qu7ATEJkGMI0\Summa Terra Ventures Company Folder\Projects\Utah\Union Walk\Construction\Pay Apps   Draws\Pay App 02\Archive\Union Walk Draw 2 (3-7-25).pdf"
"Union Walk","Pay App 03","Union Walk Draw 3 (4-15-25).pdf",".pdf","3679","2025-05-06 13:50","I:\.shortcut-targets-by-id\1fkt3Xe3wDSNU3-8StUP8qu7ATEJkGMI0\Summa Terra Ventures Company Folder\Projects\Utah\Union Walk\Construction\Pay Apps   Draws\Pay App 03\Union Walk Draw 3 (4-15-25).pdf"
"Union Walk","Pay App 03","Union Walk Draw 3 (4-15-25) (Signed).pdf",".pdf","3677.5","2025-05-06 16:29","I:\.shortcut-targets-by-id\1fkt3Xe3wDSNU3-8StUP8qu7ATEJkGMI0\Summa Terra Ventures Company Folder\Projects\Utah\Union Walk\Construction\Pay Apps   Draws\Pay App 03\Union Walk Draw 3 (4-15-25) (Signed).pdf"
"Union Walk","Pay App 03\[OLD]","Union Walk Draw 3 (3-21-25).pdf",".pdf","3266.5","2025-03-24 13:56","I:\.shortcut-targets-by-id\1fkt3Xe3wDSNU3-8StUP8qu7ATEJkGMI0\Summa Terra Ventures Company Folder\Projects\Utah\Union Walk\Construction\Pay Apps   Draws\Pay App 03\[OLD]\Union Walk Draw 3 (3-21-25).pdf"
"Union Walk","Pay App 03\[OLD]","Union Walk Draw 3 (4-7-25).pdf",".pdf","2888","2025-04-07 12:46","I:\.shortcut-targets-by-id\1fkt3Xe3wDSNU3-8StUP8qu7ATEJkGMI0\Summa Terra Ventures Company Folder\Projects\Utah\Union Walk\Construction\Pay Apps   Draws\Pay App 03\[OLD]\Union Walk Draw 3 (4-7-25).pdf"
"Union Walk","Pay App 04","Union Walk Draw 4 (6-2-25) version 2 (Signed).pdf",".pdf","16928.2","2025-06-02 17:25","I:\.shortcut-targets-by-id\1fkt3Xe3wDSNU3-8StUP8qu7ATEJkGMI0\Summa Terra Ventures Company Folder\Projects\Utah\Union Walk\Construction\Pay Apps   Draws\Pay App 04\Union Walk Draw 4 (6-2-25) version 2 (Signed).pdf"
"Union Walk","Pay App 04\Archive","Union Walk Draw 4 (5-29-25).pdf",".pdf","17080.3","2025-05-30 10:21","I:\.shortcut-targets-by-id\1fkt3Xe3wDSNU3-8StUP8qu7ATEJkGMI0\Summa Terra Ventures Company Folder\Projects\Utah\Union Walk\Construction\Pay Apps   Draws\Pay App 04\Archive\Union Walk Draw 4 (5-29-25).pdf"
"Union Walk","Pay App 04\Archive","Union Walk Draw 4 (6-2-25).pdf",".pdf","16867.5","2025-06-02 14:03","I:\.shortcut-targets-by-id\1fkt3Xe3wDSNU3-8StUP8qu7ATEJkGMI0\Summa Terra Ventures Company Folder\Projects\Utah\Union Walk\Construction\Pay Apps   Draws\Pay App 04\Archive\Union Walk Draw 4 (6-2-25).pdf"
"Union Walk","Pay App 05","Union Walk Draw #5 (7-9-25) V2 - Budget Reallocation.pdf",".pdf","18299.8","2025-07-10 13:40","I:\.shortcut-targets-by-id\1fkt3Xe3wDSNU3-8StUP8qu7ATEJkGMI0\Summa Terra Ventures Company Folder\Projects\Utah\Union Walk\Construction\Pay Apps   Draws\Pay App 05\Union Walk Draw #5 (7-9-25) V2 - Budget Reallocation.pdf"
"Union Walk","Pay App 05","Union Walk Draw #5 (7-9-25) V2 (Signed).pdf",".pdf","18380.9","2025-07-15 14:05","I:\.shortcut-targets-by-id\1fkt3Xe3wDSNU3-8StUP8qu7ATEJkGMI0\Summa Terra Ventures Company Folder\Projects\Utah\Union Walk\Construction\Pay Apps   Draws\Pay App 05\Union Walk Draw #5 (7-9-25) V2 (Signed).pdf"
"Union Walk","Pay App 05","Union Walk Draw #5 (7-9-25) V3 (should have been submitted).pdf",".pdf","18117.6","2025-08-07 14:02","I:\.shortcut-targets-by-id\1fkt3Xe3wDSNU3-8StUP8qu7ATEJkGMI0\Summa Terra Ventures Company Folder\Projects\Utah\Union Walk\Construction\Pay Apps   Draws\Pay App 05\Union Walk Draw #5 (7-9-25) V3 (should have been submitted).pdf"
"Union Walk","Pay App 05\[OLD]","Union Walk Draw #5 (7-9-25) V2.pdf",".pdf","18102.8","2025-07-09 16:26","I:\.shortcut-targets-by-id\1fkt3Xe3wDSNU3-8StUP8qu7ATEJkGMI0\Summa Terra Ventures Company Folder\Projects\Utah\Union Walk\Construction\Pay Apps   Draws\Pay App 05\[OLD]\Union Walk Draw #5 (7-9-25) V2.pdf"
"Union Walk","Pay App 06","Union Walk Draw #6 (8-18-25)V2 (Signed).pdf",".pdf","7819.7","2025-08-21 15:36","I:\.shortcut-targets-by-id\1fkt3Xe3wDSNU3-8StUP8qu7ATEJkGMI0\Summa Terra Ventures Company Folder\Projects\Utah\Union Walk\Construction\Pay Apps   Draws\Pay App 06\Union Walk Draw #6 (8-18-25)V2 (Signed).pdf"
"Union Walk","Pay App 06\[OLD]","Union Walk Draw #6 (8-5-25).pdf",".pdf","8234.7","2025-08-07 14:00","I:\.shortcut-targets-by-id\1fkt3Xe3wDSNU3-8StUP8qu7ATEJkGMI0\Summa Terra Ventures Company Folder\Projects\Utah\Union Walk\Construction\Pay Apps   Draws\Pay App 06\[OLD]\Union Walk Draw #6 (8-5-25).pdf"
"Union Walk","Pay App 06\[OLD]","Union Walk Draw #6 (8-15-25).pdf",".pdf","7727.6","2025-08-18 10:23","I:\.shortcut-targets-by-id\1fkt3Xe3wDSNU3-8StUP8qu7ATEJkGMI0\Summa Terra Ventures Company Folder\Projects\Utah\Union Walk\Construction\Pay Apps   Draws\Pay App 06\[OLD]\Union Walk Draw #6 (8-15-25).pdf"
"Union Walk","Pay App 07","Union Walk Draw #7 (9-5-25).pdf",".pdf","5702","2025-09-05 15:35","I:\.shortcut-targets-by-id\1fkt3Xe3wDSNU3-8StUP8qu7ATEJkGMI0\Summa Terra Ventures Company Folder\Projects\Utah\Union Walk\Construction\Pay Apps   Draws\Pay App 07\Union Walk Draw #7 (9-5-25).pdf"
"Union Walk","Pay App 07","Union Walk Draw #7 (9-5-25) (Signed).pdf",".pdf","5776.2","2025-09-22 16:07","I:\.shortcut-targets-by-id\1fkt3Xe3wDSNU3-8StUP8qu7ATEJkGMI0\Summa Terra Ventures Company Folder\Projects\Utah\Union Walk\Construction\Pay Apps   Draws\Pay App 07\Union Walk Draw #7 (9-5-25) (Signed).pdf"
"Union Walk","Pay App 08","Union Walk Draw #8 (10-28-25).pdf",".pdf","14016.4","2025-10-30 12:36","I:\.shortcut-targets-by-id\1fkt3Xe3wDSNU3-8StUP8qu7ATEJkGMI0\Summa Terra Ventures Company Folder\Projects\Utah\Union Walk\Construction\Pay Apps   Draws\Pay App 08\Union Walk Draw #8 (10-28-25).pdf"
"Union Walk","Pay App 08","Union Walk Draw #8 (10-28-25) (Signed).pdf",".pdf","14065","2025-10-30 14:29","I:\.shortcut-targets-by-id\1fkt3Xe3wDSNU3-8StUP8qu7ATEJkGMI0\Summa Terra Ventures Company Folder\Projects\Utah\Union Walk\Construction\Pay Apps   Draws\Pay App 08\Union Walk Draw #8 (10-28-25) (Signed).pdf"
"Union Walk","Pay App 08\[OLD]","Union Walk Draw #8 (10-9-25).pdf",".pdf","14041.8","2025-10-10 13:48","I:\.shortcut-targets-by-id\1fkt3Xe3wDSNU3-8StUP8qu7ATEJkGMI0\Summa Terra Ventures Company Folder\Projects\Utah\Union Walk\Construction\Pay Apps   Draws\Pay App 08\[OLD]\Union Walk Draw #8 (10-9-25).pdf"
"Union Walk","Pay App 09","Union Walk Draw #9 (11-05-25).pdf",".pdf","13402.7","2025-11-10 10:48","I:\.shortcut-targets-by-id\1fkt3Xe3wDSNU3-8StUP8qu7ATEJkGMI0\Summa Terra Ventures Company Folder\Projects\Utah\Union Walk\Construction\Pay Apps   Draws\Pay App 09\Union Walk Draw #9 (11-05-25).pdf"
"Union Walk","Pay App 09","Union Walk Draw #9 (11-05-25) (Signed).pdf",".pdf","13351.5","2025-11-26 16:08","I:\.shortcut-targets-by-id\1fkt3Xe3wDSNU3-8StUP8qu7ATEJkGMI0\Summa Terra Ventures Company Folder\Projects\Utah\Union Walk\Construction\Pay Apps   Draws\Pay App 09\Union Walk Draw #9 (11-05-25) (Signed).pdf"
"Union Walk","Pay App 10","Union Walk Draw #10 (12-09-25).pdf",".pdf","12059","2025-12-15 09:30","I:\.shortcut-targets-by-id\1fkt3Xe3wDSNU3-8StUP8qu7ATEJkGMI0\Summa Terra Ventures Company Folder\Projects\Utah\Union Walk\Construction\Pay Apps   Draws\Pay App 10\Union Walk Draw #10 (12-09-25).pdf"
"Union Walk","Pay App 10","Union Walk Draw #10 (12-18-25)V2.pdf",".pdf","12344.6","2025-12-18 15:42","I:\.shortcut-targets-by-id\1fkt3Xe3wDSNU3-8StUP8qu7ATEJkGMI0\Summa Terra Ventures Company Folder\Projects\Utah\Union Walk\Construction\Pay Apps   Draws\Pay App 10\Union Walk Draw #10 (12-18-25)V2.pdf"
"Union Walk","Pay App 10","Union Walk Draw #10 (12-18-25)V2 (Signed).pdf",".pdf","12393","2025-12-19 13:01","I:\.shortcut-targets-by-id\1fkt3Xe3wDSNU3-8StUP8qu7ATEJkGMI0\Summa Terra Ventures Company Folder\Projects\Utah\Union Walk\Construction\Pay Apps   Draws\Pay App 10\Union Walk Draw #10 (12-18-25)V2 (Signed).pdf"
"Union Walk","Pay App 11","Union Walk Draw #11 (2-2-26) (Signed).pdf",".pdf","39842.5","2026-02-03 16:12","I:\.shortcut-targets-by-id\1fkt3Xe3wDSNU3-8StUP8qu7ATEJkGMI0\Summa Terra Ventures Company Folder\Projects\Utah\Union Walk\Construction\Pay Apps   Draws\Pay App 11\Union Walk Draw #11 (2-2-26) (Signed).pdf"
"Union Walk","Pay App 11","Union Walk Draw #11 (2-2-26).pdf",".pdf","39828.9","2026-02-02 13:32","I:\.shortcut-targets-by-id\1fkt3Xe3wDSNU3-8StUP8qu7ATEJkGMI0\Summa Terra Ventures Company Folder\Projects\Utah\Union Walk\Construction\Pay Apps   Draws\Pay App 11\Union Walk Draw #11 (2-2-26).pdf"
"Union Walk","Pay App 11\Archive","Union Walk Draw #11 (1-20-26).pdf",".pdf","23484.9","2026-01-29 11:14","I:\.shortcut-targets-by-id\1fkt3Xe3wDSNU3-8StUP8qu7ATEJkGMI0\Summa Terra Ventures Company Folder\Projects\Utah\Union Walk\Construction\Pay Apps   Draws\Pay App 11\Archive\Union Walk Draw #11 (1-20-26).pdf"
"Union Walk","Pay App 11\Archive","Union Walk Continuation Sheet Draw 11.pdf",".pdf","100","2026-01-29 11:14","I:\.shortcut-targets-by-id\1fkt3Xe3wDSNU3-8StUP8qu7ATEJkGMI0\Summa Terra Ventures Company Folder\Projects\Utah\Union Walk\Construction\Pay Apps   Draws\Pay App 11\Archive\Union Walk Continuation Sheet Draw 11.pdf"
"Union Walk","Pay App 11\Archive","Union Walk Draw #11 (1-29-26).pdf",".pdf","24167.5","2026-01-29 16:04","I:\.shortcut-targets-by-id\1fkt3Xe3wDSNU3-8StUP8qu7ATEJkGMI0\Summa Terra Ventures Company Folder\Projects\Utah\Union Walk\Construction\Pay Apps   Draws\Pay App 11\Archive\Union Walk Draw #11 (1-29-26).pdf"
"Union Walk","Pay App 13","Union Walk Draw 13 Analysis.gsheet",".gsheet","0.2","2026-06-17 12:32","I:\.shortcut-targets-by-id\1fkt3Xe3wDSNU3-8StUP8qu7ATEJkGMI0\Summa Terra Ventures Company Folder\Projects\Utah\Union Walk\Construction\Pay Apps   Draws\Pay App 13\Union Walk Draw 13 Analysis.gsheet"
"Union Walk","Pay App 13","Union Walk Draw #13 (6-10-26).pdf",".pdf","48197.2","2026-06-17 12:26","I:\.shortcut-targets-by-id\1fkt3Xe3wDSNU3-8StUP8qu7ATEJkGMI0\Summa Terra Ventures Company Folder\Projects\Utah\Union Walk\Construction\Pay Apps   Draws\Pay App 13\Union Walk Draw #13 (6-10-26).pdf"
"12SB Hunters Landing","(root)","4-14-2023 Change Order Log Makers Line Hunter's Landing.pdf",".pdf","89.4","2024-05-16 14:55","I:\.shortcut-targets-by-id\1fkt3Xe3wDSNU3-8StUP8qu7ATEJkGMI0\Summa Terra Ventures Company Folder\Projects\Utah\12SB - Hunter's Landing\Construction\Draws\4-14-2023 Change Order Log Makers Line Hunter's Landing.pdf"
"12SB Hunters Landing","(root)","Copy of Hunter's Landing Continutation Sheet.gsheet",".gsheet","0.2","2024-07-09 10:23","I:\.shortcut-targets-by-id\1fkt3Xe3wDSNU3-8StUP8qu7ATEJkGMI0\Summa Terra Ventures Company Folder\Projects\Utah\12SB - Hunter's Landing\Construction\Draws\Copy of Hunter's Landing Continutation Sheet.gsheet"
"12SB Hunters Landing","(root)","Hunter's Landing Contribution Status.gsheet",".gsheet","0.2","2025-05-14 08:45","I:\.shortcut-targets-by-id\1fkt3Xe3wDSNU3-8StUP8qu7ATEJkGMI0\Summa Terra Ventures Company Folder\Projects\Utah\12SB - Hunter's Landing\Construction\Draws\Hunter's Landing Contribution Status.gsheet"
"12SB Hunters Landing","(root)","Hunter's Landing Continutation Sheet.gsheet",".gsheet","0.2","2025-12-18 10:25","I:\.shortcut-targets-by-id\1fkt3Xe3wDSNU3-8StUP8qu7ATEJkGMI0\Summa Terra Ventures Company Folder\Projects\Utah\12SB - Hunter's Landing\Construction\Draws\Hunter's Landing Continutation Sheet.gsheet"
"12SB Hunters Landing","Rich Development","060624 Budget Tracking to Fix Hunter's Landing.xlsx",".xlsx","39.5","2024-06-06 14:38","I:\.shortcut-targets-by-id\1fkt3Xe3wDSNU3-8StUP8qu7ATEJkGMI0\Summa Terra Ventures Company Folder\Projects\Utah\12SB - Hunter's Landing\Construction\Draws\Rich Development\060624 Budget Tracking to Fix Hunter's Landing.xlsx"
"12SB Hunters Landing","Rich Development","052924 Budget Tracking to Fix Hunter's Landing.xlsx",".xlsx","28.9","2024-06-11 09:51","I:\.shortcut-targets-by-id\1fkt3Xe3wDSNU3-8StUP8qu7ATEJkGMI0\Summa Terra Ventures Company Folder\Projects\Utah\12SB - Hunter's Landing\Construction\Draws\Rich Development\052924 Budget Tracking to Fix Hunter's Landing.xlsx"
"12SB Hunters Landing","Rich Development","Hunter's Landing Budget Tracking - Rich Development.xlsx",".xlsx","35.5","2024-06-11 10:25","I:\.shortcut-targets-by-id\1fkt3Xe3wDSNU3-8StUP8qu7ATEJkGMI0\Summa Terra Ventures Company Folder\Projects\Utah\12SB - Hunter's Landing\Construction\Draws\Rich Development\Hunter's Landing Budget Tracking - Rich Development.xlsx"
"12SB Hunters Landing","Rich Development","UFIRST.pdf",".pdf","423.9","2024-09-11 08:38","I:\.shortcut-targets-by-id\1fkt3Xe3wDSNU3-8StUP8qu7ATEJkGMI0\Summa Terra Ventures Company Folder\Projects\Utah\12SB - Hunter's Landing\Construction\Draws\Rich Development\UFIRST.pdf"
"12SB Hunters Landing","Rich Development","Hunters Landing Draw #29 (8-12-25).pdf",".pdf","22334.8","2025-08-12 09:20","I:\.shortcut-targets-by-id\1fkt3Xe3wDSNU3-8StUP8qu7ATEJkGMI0\Summa Terra Ventures Company Folder\Projects\Utah\12SB - Hunter's Landing\Construction\Draws\Rich Development\Hunters Landing Draw #29 (8-12-25).pdf"
"12SB Hunters Landing","Rich Development\FINAL DRAW","12SB - Final Draw Payments.gsheet",".gsheet","0.2","2026-04-17 16:26","I:\.shortcut-targets-by-id\1fkt3Xe3wDSNU3-8StUP8qu7ATEJkGMI0\Summa Terra Ventures Company Folder\Projects\Utah\12SB - Hunter's Landing\Construction\Draws\Rich Development\FINAL DRAW\12SB - Final Draw Payments.gsheet"
"12SB Hunters Landing","Rich Development\FINAL DRAW","HL Unconditional Lien Release Template.pdf",".pdf","56.2","2026-04-09 11:33","I:\.shortcut-targets-by-id\1fkt3Xe3wDSNU3-8StUP8qu7ATEJkGMI0\Summa Terra Ventures Company Folder\Projects\Utah\12SB - Hunter's Landing\Construction\Draws\Rich Development\FINAL DRAW\HL Unconditional Lien Release Template.pdf"
"12SB Hunters Landing","Rich Development\FINAL DRAW","Dry Creek HL Unconditional Lien Release FINAL.pdf",".pdf","81.6","2026-04-09 11:33","I:\.shortcut-targets-by-id\1fkt3Xe3wDSNU3-8StUP8qu7ATEJkGMI0\Summa Terra Ventures Company Folder\Projects\Utah\12SB - Hunter's Landing\Construction\Draws\Rich Development\FINAL DRAW\Dry Creek HL Unconditional Lien Release FINAL.pdf"
"12SB Hunters Landing","Rich Development\FINAL DRAW","Fox & Hound HL Unconditional Lien Release FINAL.pdf",".pdf","83.2","2026-04-09 10:10","I:\.shortcut-targets-by-id\1fkt3Xe3wDSNU3-8StUP8qu7ATEJkGMI0\Summa Terra Ventures Company Folder\Projects\Utah\12SB - Hunter's Landing\Construction\Draws\Rich Development\FINAL DRAW\Fox & Hound HL Unconditional Lien Release FINAL.pdf"
"12SB Hunters Landing","Rich Development\FINAL DRAW","Dixon HL Unconditional Lien Release FINAL.pdf",".pdf","91.1","2026-04-09 10:10","I:\.shortcut-targets-by-id\1fkt3Xe3wDSNU3-8StUP8qu7ATEJkGMI0\Summa Terra Ventures Company Folder\Projects\Utah\12SB - Hunter's Landing\Construction\Draws\Rich Development\FINAL DRAW\Dixon HL Unconditional Lien Release FINAL.pdf"
"12SB Hunters Landing","Rich Development\FINAL DRAW","Lara & Sons HL Unconditional Lien Release FINAL.pdf",".pdf","81.8","2026-04-09 10:10","I:\.shortcut-targets-by-id\1fkt3Xe3wDSNU3-8StUP8qu7ATEJkGMI0\Summa Terra Ventures Company Folder\Projects\Utah\12SB - Hunter's Landing\Construction\Draws\Rich Development\FINAL DRAW\Lara & Sons HL Unconditional Lien Release FINAL.pdf"
"12SB Hunters Landing","Rich Development\FINAL DRAW","Salmon HVAC HL Unconditional Lien Release FINAL.pdf",".pdf","81.1","2026-04-09 10:10","I:\.shortcut-targets-by-id\1fkt3Xe3wDSNU3-8StUP8qu7ATEJkGMI0\Summa Terra Ventures Company Folder\Projects\Utah\12SB - Hunter's Landing\Construction\Draws\Rich Development\FINAL DRAW\Salmon HVAC HL Unconditional Lien Release FINAL.pdf"
"12SB Hunters Landing","Rich Development\FINAL DRAW","Elite Plumbing HL Unconditional Lien Release FINAL.pdf",".pdf","79.6","2026-04-09 10:10","I:\.shortcut-targets-by-id\1fkt3Xe3wDSNU3-8StUP8qu7ATEJkGMI0\Summa Terra Ventures Company Folder\Projects\Utah\12SB - Hunter's Landing\Construction\Draws\Rich Development\FINAL DRAW\Elite Plumbing HL Unconditional Lien Release FINAL.pdf"
"12SB Hunters Landing","Rich Development\FINAL DRAW","Keith Kap HL Unconditional Lien Release FINAL.pdf",".pdf","84.4","2026-04-09 10:10","I:\.shortcut-targets-by-id\1fkt3Xe3wDSNU3-8StUP8qu7ATEJkGMI0\Summa Terra Ventures Company Folder\Projects\Utah\12SB - Hunter's Landing\Construction\Draws\Rich Development\FINAL DRAW\Keith Kap HL Unconditional Lien Release FINAL.pdf"
"12SB Hunters Landing","Rich Development\FINAL DRAW","SCS HL Unconditional Lien Release FINAL.pdf",".pdf","82.6","2026-04-09 10:10","I:\.shortcut-targets-by-id\1fkt3Xe3wDSNU3-8StUP8qu7ATEJkGMI0\Summa Terra Ventures Company Folder\Projects\Utah\12SB - Hunter's Landing\Construction\Draws\Rich Development\FINAL DRAW\SCS HL Unconditional Lien Release FINAL.pdf"
"12SB Hunters Landing","Rich Development\FINAL DRAW","Precision Pools HL Unconditional Lien Release FINAL.pdf",".pdf","156.3","2026-04-09 11:10","I:\.shortcut-targets-by-id\1fkt3Xe3wDSNU3-8StUP8qu7ATEJkGMI0\Summa Terra Ventures Company Folder\Projects\Utah\12SB - Hunter's Landing\Construction\Draws\Rich Development\FINAL DRAW\Precision Pools HL Unconditional Lien Release FINAL.pdf"
"12SB Hunters Landing","Rich Development\FINAL DRAW","Precision Pools HL Unconditional Lien Release FINAL (1).pdf",".pdf","100.8","2026-04-09 15:51","I:\.shortcut-targets-by-id\1fkt3Xe3wDSNU3-8StUP8qu7ATEJkGMI0\Summa Terra Ventures Company Folder\Projects\Utah\12SB - Hunter's Landing\Construction\Draws\Rich Development\FINAL DRAW\Precision Pools HL Unconditional Lien Release FINAL (1).pdf"
"12SB Hunters Landing","Rich Development\FINAL DRAW","4-8-2026 Executed Waiver & Release SCS Hunter's Landing.pdf",".pdf","199.5","2026-04-10 13:08","I:\.shortcut-targets-by-id\1fkt3Xe3wDSNU3-8StUP8qu7ATEJkGMI0\Summa Terra Ventures Company Folder\Projects\Utah\12SB - Hunter's Landing\Construction\Draws\Rich Development\FINAL DRAW\4-8-2026 Executed Waiver & Release SCS Hunter's Landing.pdf"
"12SB Hunters Landing","Rich Development\FINAL DRAW","4-8-2026 Executed Waiver & Release Kap Excavating Hunter's Landing.pdf",".pdf","195.4","2026-04-10 13:09","I:\.shortcut-targets-by-id\1fkt3Xe3wDSNU3-8StUP8qu7ATEJkGMI0\Summa Terra Ventures Company Folder\Projects\Utah\12SB - Hunter's Landing\Construction\Draws\Rich Development\FINAL DRAW\4-8-2026 Executed Waiver & Release Kap Excavating Hunter's Landing.pdf"
"12SB Hunters Landing","Rich Development\FINAL DRAW","4-9-2026 Executed Waiver & Release Fox & Hound Hunter's Landing.pdf",".pdf","197.2","2026-04-10 13:11","I:\.shortcut-targets-by-id\1fkt3Xe3wDSNU3-8StUP8qu7ATEJkGMI0\Summa Terra Ventures Company Folder\Projects\Utah\12SB - Hunter's Landing\Construction\Draws\Rich Development\FINAL DRAW\4-9-2026 Executed Waiver & Release Fox & Hound Hunter's Landing.pdf"
"12SB Hunters Landing","Rich Development\FINAL DRAW","4-9-2026 Executed Waiver & Release Dixon Security Hunter's Landing.pdf",".pdf","197.2","2026-04-10 13:11","I:\.shortcut-targets-by-id\1fkt3Xe3wDSNU3-8StUP8qu7ATEJkGMI0\Summa Terra Ventures Company Folder\Projects\Utah\12SB - Hunter's Landing\Construction\Draws\Rich Development\FINAL DRAW\4-9-2026 Executed Waiver & Release Dixon Security Hunter's Landing.pdf"
"12SB Hunters Landing","Rich Development\FINAL DRAW","4-9-2026 Executed Waiver & Release Precision Pools Hunter's Landing.pdf",".pdf","204.1","2026-04-10 13:12","I:\.shortcut-targets-by-id\1fkt3Xe3wDSNU3-8StUP8qu7ATEJkGMI0\Summa Terra Ventures Company Folder\Projects\Utah\12SB - Hunter's Landing\Construction\Draws\Rich Development\FINAL DRAW\4-9-2026 Executed Waiver & Release Precision Pools Hunter's Landing.pdf"
"12SB Hunters Landing","Rich Development\FINAL DRAW","4-9-2026 Executed Waiver & Release Lara and Sons Hunter's Landing.pdf",".pdf","201.3","2026-04-10 13:13","I:\.shortcut-targets-by-id\1fkt3Xe3wDSNU3-8StUP8qu7ATEJkGMI0\Summa Terra Ventures Company Folder\Projects\Utah\12SB - Hunter's Landing\Construction\Draws\Rich Development\FINAL DRAW\4-9-2026 Executed Waiver & Release Lara and Sons Hunter's Landing.pdf"
"12SB Hunters Landing","Rich Development\FINAL DRAW","4-9-2026 Executed Waiver & Release Dry Creek Structures Hunter's Landing.pdf",".pdf","198.8","2026-04-10 13:14","I:\.shortcut-targets-by-id\1fkt3Xe3wDSNU3-8StUP8qu7ATEJkGMI0\Summa Terra Ventures Company Folder\Projects\Utah\12SB - Hunter's Landing\Construction\Draws\Rich Development\FINAL DRAW\4-9-2026 Executed Waiver & Release Dry Creek Structures Hunter's Landing.pdf"
"12SB Hunters Landing","Rich Development\FINAL DRAW","Rich Development - lien waiver (1).pdf",".pdf","35.5","2026-04-14 16:15","I:\.shortcut-targets-by-id\1fkt3Xe3wDSNU3-8StUP8qu7ATEJkGMI0\Summa Terra Ventures Company Folder\Projects\Utah\12SB - Hunter's Landing\Construction\Draws\Rich Development\FINAL DRAW\Rich Development - lien waiver (1).pdf"
"12SB Hunters Landing","Rich Development\FINAL DRAW","4-14-2026 Recorded Lien Release Salmon HVAC Hunter's Landing.pdf",".pdf","145.1","2026-04-15 13:02","I:\.shortcut-targets-by-id\1fkt3Xe3wDSNU3-8StUP8qu7ATEJkGMI0\Summa Terra Ventures Company Folder\Projects\Utah\12SB - Hunter's Landing\Construction\Draws\Rich Development\FINAL DRAW\4-14-2026 Recorded Lien Release Salmon HVAC Hunter's Landing.pdf"
"12SB Hunters Landing","Rich Development\FINAL DRAW","4-8-2026 Recorded Release of Construction Lien Kilgore Hunter's Landing.pdf",".pdf","331.8","2026-04-20 12:54","I:\.shortcut-targets-by-id\1fkt3Xe3wDSNU3-8StUP8qu7ATEJkGMI0\Summa Terra Ventures Company Folder\Projects\Utah\12SB - Hunter's Landing\Construction\Draws\Rich Development\FINAL DRAW\4-8-2026 Recorded Release of Construction Lien Kilgore Hunter's Landing.pdf"
"12SB Hunters Landing","Rich Development\FINAL DRAW\Past Work","[OLD] 4-9-2026 Executed Waiver & Release Salmon HVAC Hunter's Landing.pdf",".pdf","997.9","2026-04-15 13:01","I:\.shortcut-targets-by-id\1fkt3Xe3wDSNU3-8StUP8qu7ATEJkGMI0\Summa Terra Ventures Company Folder\Projects\Utah\12SB - Hunter's Landing\Construction\Draws\Rich Development\FINAL DRAW\Past Work\[OLD] 4-9-2026 Executed Waiver & Release Salmon HVAC Hunter's Landing.pdf"
"12SB Hunters Landing","Rich Development\Draw #16 (29)","Hunters Landing Draw #29 (9-10-25)V2 (Signed).pdf",".pdf","20075.1","2025-09-15 15:36","I:\.shortcut-targets-by-id\1fkt3Xe3wDSNU3-8StUP8qu7ATEJkGMI0\Summa Terra Ventures Company Folder\Projects\Utah\12SB - Hunter's Landing\Construction\Draws\Rich Development\Draw #16 (29)\Hunters Landing Draw #29 (9-10-25)V2 (Signed).pdf"
"12SB Hunters Landing","Rich Development\Draw #16 (29)","Hunters Landing Draw #29 (8-12-25).pdf",".pdf","22334.8","2025-08-19 14:48","I:\.shortcut-targets-by-id\1fkt3Xe3wDSNU3-8StUP8qu7ATEJkGMI0\Summa Terra Ventures Company Folder\Projects\Utah\12SB - Hunter's Landing\Construction\Draws\Rich Development\Draw #16 (29)\Hunters Landing Draw #29 (8-12-25).pdf"
"12SB Hunters Landing","Rich Development\Draw #16 (29)","Copy of Hunters Landing Rebuild Cost Tracker.xlsx",".xlsx","28.6","2025-08-19 16:01","I:\.shortcut-targets-by-id\1fkt3Xe3wDSNU3-8StUP8qu7ATEJkGMI0\Summa Terra Ventures Company Folder\Projects\Utah\12SB - Hunter's Landing\Construction\Draws\Rich Development\Draw #16 (29)\Copy of Hunters Landing Rebuild Cost Tracker.xlsx"
"12SB Hunters Landing","Rich Development\Draw #16 (29)","Hunters Landing remaining bank funds.xlsx",".xlsx","22.1","2025-08-28 15:00","I:\.shortcut-targets-by-id\1fkt3Xe3wDSNU3-8StUP8qu7ATEJkGMI0\Summa Terra Ventures Company Folder\Projects\Utah\12SB - Hunter's Landing\Construction\Draws\Rich Development\Draw #16 (29)\Hunters Landing remaining bank funds.xlsx"
"12SB Hunters Landing","Rich Development\Draw #16 (29)","HL Final Draw Analysis.gsheet",".gsheet","0.2","2025-08-28 16:10","I:\.shortcut-targets-by-id\1fkt3Xe3wDSNU3-8StUP8qu7ATEJkGMI0\Summa Terra Ventures Company Folder\Projects\Utah\12SB - Hunter's Landing\Construction\Draws\Rich Development\Draw #16 (29)\HL Final Draw Analysis.gsheet"
"12SB Hunters Landing","Rich Development\Draw #16 (29)","Hunters Landing Draw #29 (9-10-25)V2 (Submitted to Bank).pdf",".pdf","20518.2","2025-09-30 14:50","I:\.shortcut-targets-by-id\1fkt3Xe3wDSNU3-8StUP8qu7ATEJkGMI0\Summa Terra Ventures Company Folder\Projects\Utah\12SB - Hunter's Landing\Construction\Draws\Rich Development\Draw #16 (29)\Hunters Landing Draw #29 (9-10-25)V2 (Submitted to Bank).pdf"
"12SB Hunters Landing","Rich Development\Draw #1","HL draw # 1 1-5-24.pdf",".pdf","3535.2","2024-01-08 18:58","I:\.shortcut-targets-by-id\1fkt3Xe3wDSNU3-8StUP8qu7ATEJkGMI0\Summa Terra Ventures Company Folder\Projects\Utah\12SB - Hunter's Landing\Construction\Draws\Rich Development\Draw #1\HL draw # 1 1-5-24.pdf"
"12SB Hunters Landing","Rich Development\Draw #1","Insurance Payment.jpg",".jpg","47.1","2024-01-10 14:48","I:\.shortcut-targets-by-id\1fkt3Xe3wDSNU3-8StUP8qu7ATEJkGMI0\Summa Terra Ventures Company Folder\Projects\Utah\12SB - Hunter's Landing\Construction\Draws\Rich Development\Draw #1\Insurance Payment.jpg"
"12SB Hunters Landing","Rich Development\Draw #1","Insurance Payment.pdf",".pdf","48.6","2024-01-10 16:27","I:\.shortcut-targets-by-id\1fkt3Xe3wDSNU3-8StUP8qu7ATEJkGMI0\Summa Terra Ventures Company Folder\Projects\Utah\12SB - Hunter's Landing\Construction\Draws\Rich Development\Draw #1\Insurance Payment.pdf"
"12SB Hunters Landing","Rich Development\Draw #2","HL draw # 2..xlsx",".xlsx","135.5","2024-02-14 11:51","I:\.shortcut-targets-by-id\1fkt3Xe3wDSNU3-8StUP8qu7ATEJkGMI0\Summa Terra Ventures Company Folder\Projects\Utah\12SB - Hunter's Landing\Construction\Draws\Rich Development\Draw #2\HL draw # 2..xlsx"
"12SB Hunters Landing","Rich Development\Draw #2","HL draw 2 Feb 20th 2024.pdf",".pdf","7545.5","2024-08-06 11:51","I:\.shortcut-targets-by-id\1fkt3Xe3wDSNU3-8StUP8qu7ATEJkGMI0\Summa Terra Ventures Company Folder\Projects\Utah\12SB - Hunter's Landing\Construction\Draws\Rich Development\Draw #2\HL draw 2 Feb 20th 2024.pdf"
"12SB Hunters Landing","Rich Development\Draw #2\Archive","HL draw # 2..pdf",".pdf","99.8","2024-02-14 11:54","I:\.shortcut-targets-by-id\1fkt3Xe3wDSNU3-8StUP8qu7ATEJkGMI0\Summa Terra Ventures Company Folder\Projects\Utah\12SB - Hunter's Landing\Construction\Draws\Rich Development\Draw #2\Archive\HL draw # 2..pdf"
"12SB Hunters Landing","Rich Development\Draw #2\Archive","Hunters Landing Draw # 2 Feb 13-2024.pdf",".pdf","4702.7","2024-02-14 12:12","I:\.shortcut-targets-by-id\1fkt3Xe3wDSNU3-8StUP8qu7ATEJkGMI0\Summa Terra Ventures Company Folder\Projects\Utah\12SB - Hunter's Landing\Construction\Draws\Rich Development\Draw #2\Archive\Hunters Landing Draw # 2 Feb 13-2024.pdf"
"12SB Hunters Landing","Rich Development\Draw #3","Bank Check.pdf",".pdf","485.1","2024-03-25 17:18","I:\.shortcut-targets-by-id\1fkt3Xe3wDSNU3-8StUP8qu7ATEJkGMI0\Summa Terra Ventures Company Folder\Projects\Utah\12SB - Hunter's Landing\Construction\Draws\Rich Development\Draw #3\Bank Check.pdf"
"12SB Hunters Landing","Rich Development\Draw #3","HL March draw 3-7-2024.pdf",".pdf","2406.1","2024-03-25 17:25","I:\.shortcut-targets-by-id\1fkt3Xe3wDSNU3-8StUP8qu7ATEJkGMI0\Summa Terra Ventures Company Folder\Projects\Utah\12SB - Hunter's Landing\Construction\Draws\Rich Development\Draw #3\HL March draw 3-7-2024.pdf"
"12SB Hunters Landing","Rich Development\Draw #4","April 2-2024 HL draw.pdf",".pdf","4829.2","2024-04-12 13:20","I:\.shortcut-targets-by-id\1fkt3Xe3wDSNU3-8StUP8qu7ATEJkGMI0\Summa Terra Ventures Company Folder\Projects\Utah\12SB - Hunter's Landing\Construction\Draws\Rich Development\Draw #4\April 2-2024 HL draw.pdf"
"12SB Hunters Landing","Rich Development\Draw #5","HL May 8th draw 05.pdf",".pdf","473","2025-04-28 11:54","I:\.shortcut-targets-by-id\1fkt3Xe3wDSNU3-8StUP8qu7ATEJkGMI0\Summa Terra Ventures Company Folder\Projects\Utah\12SB - Hunter's Landing\Construction\Draws\Rich Development\Draw #5\HL May 8th draw 05.pdf"
"12SB Hunters Landing","Rich Development\Draw #5","HL May Draw....pdf",".pdf","5365.3","2025-05-01 16:20","I:\.shortcut-targets-by-id\1fkt3Xe3wDSNU3-8StUP8qu7ATEJkGMI0\Summa Terra Ventures Company Folder\Projects\Utah\12SB - Hunter's Landing\Construction\Draws\Rich Development\Draw #5\HL May Draw....pdf"
"12SB Hunters Landing","Rich Development\Draw #5\Archive","Hunters Landing May draw.pdf",".pdf","5466.3","2024-06-03 09:39","I:\.shortcut-targets-by-id\1fkt3Xe3wDSNU3-8StUP8qu7ATEJkGMI0\Summa Terra Ventures Company Folder\Projects\Utah\12SB - Hunter's Landing\Construction\Draws\Rich Development\Draw #5\Archive\Hunters Landing May draw.pdf"
"12SB Hunters Landing","Rich Development\Draw #5\Archive","Copy of Hunters Landing May draw.pdf",".pdf","5466.3","2024-07-12 16:13","I:\.shortcut-targets-by-id\1fkt3Xe3wDSNU3-8StUP8qu7ATEJkGMI0\Summa Terra Ventures Company Folder\Projects\Utah\12SB - Hunter's Landing\Construction\Draws\Rich Development\Draw #5\Archive\Copy of Hunters Landing May draw.pdf"
"12SB Hunters Landing","Rich Development\Draw #6","Hunters Landing Cost tracker.xlsx",".xlsx","13.8","2024-06-06 10:27","I:\.shortcut-targets-by-id\1fkt3Xe3wDSNU3-8StUP8qu7ATEJkGMI0\Summa Terra Ventures Company Folder\Projects\Utah\12SB - Hunter's Landing\Construction\Draws\Rich Development\Draw #6\Hunters Landing Cost tracker.xlsx"
"12SB Hunters Landing","Rich Development\Draw #6","Hunters Landing June draw.pdf",".pdf","4875.8","2024-06-10 19:32","I:\.shortcut-targets-by-id\1fkt3Xe3wDSNU3-8StUP8qu7ATEJkGMI0\Summa Terra Ventures Company Folder\Projects\Utah\12SB - Hunter's Landing\Construction\Draws\Rich Development\Draw #6\Hunters Landing June draw.pdf"
"12SB Hunters Landing","Rich Development\Draw #6","HL Waivers.pdf",".pdf","1355.5","2024-06-11 10:05","I:\.shortcut-targets-by-id\1fkt3Xe3wDSNU3-8StUP8qu7ATEJkGMI0\Summa Terra Ventures Company Folder\Projects\Utah\12SB - Hunter's Landing\Construction\Draws\Rich Development\Draw #6\HL Waivers.pdf"
"12SB Hunters Landing","Rich Development\Draw #6","Hunter's Landing June Draw Request Sheet (signed).pdf",".pdf","307.6","2024-06-26 15:35","I:\.shortcut-targets-by-id\1fkt3Xe3wDSNU3-8StUP8qu7ATEJkGMI0\Summa Terra Ventures Company Folder\Projects\Utah\12SB - Hunter's Landing\Construction\Draws\Rich Development\Draw #6\Hunter's Landing June Draw Request Sheet (signed).pdf"
"12SB Hunters Landing","Rich Development\Draw #6","Copy of Hunters Landing June draw.pdf",".pdf","4875.8","2024-07-12 16:11","I:\.shortcut-targets-by-id\1fkt3Xe3wDSNU3-8StUP8qu7ATEJkGMI0\Summa Terra Ventures Company Folder\Projects\Utah\12SB - Hunter's Landing\Construction\Draws\Rich Development\Draw #6\Copy of Hunters Landing June draw.pdf"
"12SB Hunters Landing","Rich Development\Draw #7","8-29-24 July Draw 07 Hunter's Landing.pdf",".pdf","5111.1","2025-04-28 11:57","I:\.shortcut-targets-by-id\1fkt3Xe3wDSNU3-8StUP8qu7ATEJkGMI0\Summa Terra Ventures Company Folder\Projects\Utah\12SB - Hunter's Landing\Construction\Draws\Rich Development\Draw #7\8-29-24 July Draw 07 Hunter's Landing.pdf"
"12SB Hunters Landing","Rich Development\Draw #7\Old","G702_Hunters Landing_ TST.pdf",".pdf","165","2024-07-25 09:53","I:\.shortcut-targets-by-id\1fkt3Xe3wDSNU3-8StUP8qu7ATEJkGMI0\Summa Terra Ventures Company Folder\Projects\Utah\12SB - Hunter's Landing\Construction\Draws\Rich Development\Draw #7\Old\G702_Hunters Landing_ TST.pdf"
"12SB Hunters Landing","Rich Development\Draw #7\Old","HuntersLanding 702 Fox.pdf",".pdf","4042.2","2024-07-25 09:53","I:\.shortcut-targets-by-id\1fkt3Xe3wDSNU3-8StUP8qu7ATEJkGMI0\Summa Terra Ventures Company Folder\Projects\Utah\12SB - Hunter's Landing\Construction\Draws\Rich Development\Draw #7\Old\HuntersLanding 702 Fox.pdf"
"12SB Hunters Landing","Rich Development\Draw #7\Old","unnamed.jpg",".jpg","49.1","2024-07-25 09:54","I:\.shortcut-targets-by-id\1fkt3Xe3wDSNU3-8StUP8qu7ATEJkGMI0\Summa Terra Ventures Company Folder\Projects\Utah\12SB - Hunter's Landing\Construction\Draws\Rich Development\Draw #7\Old\unnamed.jpg"
"12SB Hunters Landing","Rich Development\Draw #7\Old","Boardwalk revised invoice.pdf",".pdf","37","2024-07-25 09:54","I:\.shortcut-targets-by-id\1fkt3Xe3wDSNU3-8StUP8qu7ATEJkGMI0\Summa Terra Ventures Company Folder\Projects\Utah\12SB - Hunter's Landing\Construction\Draws\Rich Development\Draw #7\Old\Boardwalk revised invoice.pdf"
"12SB Hunters Landing","Rich Development\Draw #7\Old","OLD Hunters Landing July 2024 draw.pdf",".pdf","8549.4","2024-08-05 11:48","I:\.shortcut-targets-by-id\1fkt3Xe3wDSNU3-8StUP8qu7ATEJkGMI0\Summa Terra Ventures Company Folder\Projects\Utah\12SB - Hunter's Landing\Construction\Draws\Rich Development\Draw #7\Old\OLD Hunters Landing July 2024 draw.pdf"
"12SB Hunters Landing","Rich Development\Draw #7\Old","OLD Hunter's Landing July Draw Docs (1).pdf",".pdf","7803.3","2024-08-05 11:48","I:\.shortcut-targets-by-id\1fkt3Xe3wDSNU3-8StUP8qu7ATEJkGMI0\Summa Terra Ventures Company Folder\Projects\Utah\12SB - Hunter's Landing\Construction\Draws\Rich Development\Draw #7\Old\OLD Hunter's Landing July Draw Docs (1).pdf"
"12SB Hunters Landing","Rich Development\Draw #7\Old","OLD HL July 26th draw.pdf",".pdf","388.3","2024-08-05 11:48","I:\.shortcut-targets-by-id\1fkt3Xe3wDSNU3-8StUP8qu7ATEJkGMI0\Summa Terra Ventures Company Folder\Projects\Utah\12SB - Hunter's Landing\Construction\Draws\Rich Development\Draw #7\Old\OLD HL July 26th draw.pdf"
"12SB Hunters Landing","Rich Development\Draw #7\Old","OLD Hunter's Landing July Draw Docs (version 6).pdf",".pdf","6054.3","2024-08-07 12:28","I:\.shortcut-targets-by-id\1fkt3Xe3wDSNU3-8StUP8qu7ATEJkGMI0\Summa Terra Ventures Company Folder\Projects\Utah\12SB - Hunter's Landing\Construction\Draws\Rich Development\Draw #7\Old\OLD Hunter's Landing July Draw Docs (version 6).pdf"
"12SB Hunters Landing","Rich Development\Draw #7\Old","OLD Hunter's Landing July Draw Docs.pdf",".pdf","6021.2","2024-08-07 12:29","I:\.shortcut-targets-by-id\1fkt3Xe3wDSNU3-8StUP8qu7ATEJkGMI0\Summa Terra Ventures Company Folder\Projects\Utah\12SB - Hunter's Landing\Construction\Draws\Rich Development\Draw #7\Old\OLD Hunter's Landing July Draw Docs.pdf"
"12SB Hunters Landing","Rich Development\Draw #7\Old","SIGNED Hunter's Landing July Draw (8-7-24) Docs (version 3).pdf",".pdf","5555.2","2024-08-07 12:29","I:\.shortcut-targets-by-id\1fkt3Xe3wDSNU3-8StUP8qu7ATEJkGMI0\Summa Terra Ventures Company Folder\Projects\Utah\12SB - Hunter's Landing\Construction\Draws\Rich Development\Draw #7\Old\SIGNED Hunter's Landing July Draw (8-7-24) Docs (version 3).pdf"
"12SB Hunters Landing","Rich Development\Draw #7\Old","Hunter's Landing Aug Draw Docs (8-27-24) (1) (version 2).pdf",".pdf","24871.3","2024-08-28 14:00","I:\.shortcut-targets-by-id\1fkt3Xe3wDSNU3-8StUP8qu7ATEJkGMI0\Summa Terra Ventures Company Folder\Projects\Utah\12SB - Hunter's Landing\Construction\Draws\Rich Development\Draw #7\Old\Hunter's Landing Aug Draw Docs (8-27-24) (1) (version 2).pdf"
"12SB Hunters Landing","Rich Development\Draw #8","UFIRST.pdf",".pdf","423.9","2024-09-11 08:36","I:\.shortcut-targets-by-id\1fkt3Xe3wDSNU3-8StUP8qu7ATEJkGMI0\Summa Terra Ventures Company Folder\Projects\Utah\12SB - Hunter's Landing\Construction\Draws\Rich Development\Draw #8\UFIRST.pdf"
"12SB Hunters Landing","Rich Development\Draw #8","Hunter's Landing Aug Draw Docs (9-10-24).pdf",".pdf","20944.9","2024-09-11 08:41","I:\.shortcut-targets-by-id\1fkt3Xe3wDSNU3-8StUP8qu7ATEJkGMI0\Summa Terra Ventures Company Folder\Projects\Utah\12SB - Hunter's Landing\Construction\Draws\Rich Development\Draw #8\Hunter's Landing Aug Draw Docs (9-10-24).pdf"
"12SB Hunters Landing","Rich Development\Draw #10","Hunters Landing Nov Draw (11-14) (Signed).pdf",".pdf","9420","2024-11-19 08:58","I:\.shortcut-targets-by-id\1fkt3Xe3wDSNU3-8StUP8qu7ATEJkGMI0\Summa Terra Ventures Company Folder\Projects\Utah\12SB - Hunter's Landing\Construction\Draws\Rich Development\Draw #10\Hunters Landing Nov Draw (11-14) (Signed).pdf"
"12SB Hunters Landing","Rich Development\Draw #10","Rich Development Draw #10.xlsx",".xlsx","28.5","2024-12-03 11:11","I:\.shortcut-targets-by-id\1fkt3Xe3wDSNU3-8StUP8qu7ATEJkGMI0\Summa Terra Ventures Company Folder\Projects\Utah\12SB - Hunter's Landing\Construction\Draws\Rich Development\Draw #10\Rich Development Draw #10.xlsx"
"12SB Hunters Landing","Rich Development\Draw #10\Archive","Hunters Landing Nov Draw (11-1).pdf",".pdf","9793","2024-11-05 15:00","I:\.shortcut-targets-by-id\1fkt3Xe3wDSNU3-8StUP8qu7ATEJkGMI0\Summa Terra Ventures Company Folder\Projects\Utah\12SB - Hunter's Landing\Construction\Draws\Rich Development\Draw #10\Archive\Hunters Landing Nov Draw (11-1).pdf"
"12SB Hunters Landing","Rich Development\Draw #10\Archive","Hunter's Landing Continutation Sheet Nov.xlsx",".xlsx","72.4","2024-11-05 15:00","I:\.shortcut-targets-by-id\1fkt3Xe3wDSNU3-8StUP8qu7ATEJkGMI0\Summa Terra Ventures Company Folder\Projects\Utah\12SB - Hunter's Landing\Construction\Draws\Rich Development\Draw #10\Archive\Hunter's Landing Continutation Sheet Nov.xlsx"
"12SB Hunters Landing","Rich Development\Draw #10\Archive","Hunters Landing Nov Draw (11-14).pdf",".pdf","9366.9","2024-11-14 15:14","I:\.shortcut-targets-by-id\1fkt3Xe3wDSNU3-8StUP8qu7ATEJkGMI0\Summa Terra Ventures Company Folder\Projects\Utah\12SB - Hunter's Landing\Construction\Draws\Rich Development\Draw #10\Archive\Hunters Landing Nov Draw (11-14).pdf"
"12SB Hunters Landing","Rich Development\Draw #11","Hunter's Landing Continutation Sheet Dec.xlsx",".xlsx","29","2024-12-18 16:53","I:\.shortcut-targets-by-id\1fkt3Xe3wDSNU3-8StUP8qu7ATEJkGMI0\Summa Terra Ventures Company Folder\Projects\Utah\12SB - Hunter's Landing\Construction\Draws\Rich Development\Draw #11\Hunter's Landing Continutation Sheet Dec.xlsx"
"12SB Hunters Landing","Rich Development\Draw #11","Hunter's Landing Dec Draw (12-17-2024) V3 SIGNED (version 6).pdf",".pdf","280.5","2024-12-27 11:14","I:\.shortcut-targets-by-id\1fkt3Xe3wDSNU3-8StUP8qu7ATEJkGMI0\Summa Terra Ventures Company Folder\Projects\Utah\12SB - Hunter's Landing\Construction\Draws\Rich Development\Draw #11\Hunter's Landing Dec Draw (12-17-2024) V3 SIGNED (version 6).pdf"
"12SB Hunters Landing","Rich Development\Draw #11\[OLD]","[OLD] Hunter's Landing Dec Draw (12-12-2024).pdf",".pdf","15581.2","2024-12-19 09:10","I:\.shortcut-targets-by-id\1fkt3Xe3wDSNU3-8StUP8qu7ATEJkGMI0\Summa Terra Ventures Company Folder\Projects\Utah\12SB - Hunter's Landing\Construction\Draws\Rich Development\Draw #11\[OLD]\[OLD] Hunter's Landing Dec Draw (12-12-2024).pdf"
"12SB Hunters Landing","Rich Development\Draw #11\[OLD]","[OLD] Hunter's Landing Dec Draw (12-17-2024) V3 SIGNED (version 5).pdf",".pdf","15068.8","2024-12-27 11:14","I:\.shortcut-targets-by-id\1fkt3Xe3wDSNU3-8StUP8qu7ATEJkGMI0\Summa Terra Ventures Company Folder\Projects\Utah\12SB - Hunter's Landing\Construction\Draws\Rich Development\Draw #11\[OLD]\[OLD] Hunter's Landing Dec Draw (12-17-2024) V3 SIGNED (version 5).pdf"
"12SB Hunters Landing","Rich Development\Draw #12","Hunter's Landing Jan Draw (1-24-2025) (Signed).pdf",".pdf","7602.3","2025-01-30 15:06","I:\.shortcut-targets-by-id\1fkt3Xe3wDSNU3-8StUP8qu7ATEJkGMI0\Summa Terra Ventures Company Folder\Projects\Utah\12SB - Hunter's Landing\Construction\Draws\Rich Development\Draw #12\Hunter's Landing Jan Draw (1-24-2025) (Signed).pdf"
"12SB Hunters Landing","Rich Development\Draw #12\[OLD]","[OLD] Hunter's Landing Jan Draw (1-15-2025).pdf",".pdf","7026.7","2025-01-30 15:07","I:\.shortcut-targets-by-id\1fkt3Xe3wDSNU3-8StUP8qu7ATEJkGMI0\Summa Terra Ventures Company Folder\Projects\Utah\12SB - Hunter's Landing\Construction\Draws\Rich Development\Draw #12\[OLD]\[OLD] Hunter's Landing Jan Draw (1-15-2025).pdf"
"12SB Hunters Landing","Rich Development\Prelims",".txt",".txt","0","2025-02-04 09:08","I:\.shortcut-targets-by-id\1fkt3Xe3wDSNU3-8StUP8qu7ATEJkGMI0\Summa Terra Ventures Company Folder\Projects\Utah\12SB - Hunter's Landing\Construction\Draws\Rich Development\Prelims\.txt"
"12SB Hunters Landing","Rich Development\Prelims","Sunbelt Salmon HVAC Prelim.pdf",".pdf","9459","2025-02-04 09:08","I:\.shortcut-targets-by-id\1fkt3Xe3wDSNU3-8StUP8qu7ATEJkGMI0\Summa Terra Ventures Company Folder\Projects\Utah\12SB - Hunter's Landing\Construction\Draws\Rich Development\Prelims\Sunbelt Salmon HVAC Prelim.pdf"
"12SB Hunters Landing","Rich Development\Draw #13","Hunter's Landing Feb Draw (3-7-25).pdf",".pdf","22459.5","2025-03-10 14:25","I:\.shortcut-targets-by-id\1fkt3Xe3wDSNU3-8StUP8qu7ATEJkGMI0\Summa Terra Ventures Company Folder\Projects\Utah\12SB - Hunter's Landing\Construction\Draws\Rich Development\Draw #13\Hunter's Landing Feb Draw (3-7-25).pdf"
"12SB Hunters Landing","Rich Development\Draw #13","Hunter's Landing Feb Draw (3-10-25) (Signed).pdf",".pdf","23286.7","2025-03-12 13:34","I:\.shortcut-targets-by-id\1fkt3Xe3wDSNU3-8StUP8qu7ATEJkGMI0\Summa Terra Ventures Company Folder\Projects\Utah\12SB - Hunter's Landing\Construction\Draws\Rich Development\Draw #13\Hunter's Landing Feb Draw (3-10-25) (Signed).pdf"
"12SB Hunters Landing","Rich Development\Exterior Wall Project Research","Hunters Landing Rebuild Cost Tracker.xlsx",".xlsx","27.8","2025-04-28 12:22","I:\.shortcut-targets-by-id\1fkt3Xe3wDSNU3-8StUP8qu7ATEJkGMI0\Summa Terra Ventures Company Folder\Projects\Utah\12SB - Hunter's Landing\Construction\Draws\Rich Development\Exterior Wall Project Research\Hunters Landing Rebuild Cost Tracker.xlsx"
"12SB Hunters Landing","Rich Development\Draw #14","HL Cost To Complete.xlsx",".xlsx","56.4","2025-05-14 08:07","I:\.shortcut-targets-by-id\1fkt3Xe3wDSNU3-8StUP8qu7ATEJkGMI0\Summa Terra Ventures Company Folder\Projects\Utah\12SB - Hunter's Landing\Construction\Draws\Rich Development\Draw #14\HL Cost To Complete.xlsx"
"12SB Hunters Landing","Rich Development\Draw #14","Hunter's Landing Draw #27 (5-28-25) version 2 (Signed).pdf",".pdf","48081.6","2025-05-28 16:52","I:\.shortcut-targets-by-id\1fkt3Xe3wDSNU3-8StUP8qu7ATEJkGMI0\Summa Terra Ventures Company Folder\Projects\Utah\12SB - Hunter's Landing\Construction\Draws\Rich Development\Draw #14\Hunter's Landing Draw #27 (5-28-25) version 2 (Signed).pdf"
"12SB Hunters Landing","Rich Development\Draw #14\Working Docs","Hunter's Landing Draw 27 Workthrough.xlsx",".xlsx","33.8","2025-05-09 13:04","I:\.shortcut-targets-by-id\1fkt3Xe3wDSNU3-8StUP8qu7ATEJkGMI0\Summa Terra Ventures Company Folder\Projects\Utah\12SB - Hunter's Landing\Construction\Draws\Rich Development\Draw #14\Working Docs\Hunter's Landing Draw 27 Workthrough.xlsx"
"12SB Hunters Landing","Rich Development\Draw #14\[OLD]","Hunter's Landing Mar Draw #27 (5-8-25).pdf.lnk",".lnk","0","2025-05-09 11:07","I:\.shortcut-targets-by-id\1fkt3Xe3wDSNU3-8StUP8qu7ATEJkGMI0\Summa Terra Ventures Company Folder\Projects\Utah\12SB - Hunter's Landing\Construction\Draws\Rich Development\Draw #14\[OLD]\Hunter's Landing Mar Draw #27 (5-8-25).pdf.lnk"
"12SB Hunters Landing","Rich Development\Draw #14\[OLD]","Hunter's Landing Draw #27 (5-14-25).pdf.lnk",".lnk","0","2025-05-15 13:36","I:\.shortcut-targets-by-id\1fkt3Xe3wDSNU3-8StUP8qu7ATEJkGMI0\Summa Terra Ventures Company Folder\Projects\Utah\12SB - Hunter's Landing\Construction\Draws\Rich Development\Draw #14\[OLD]\Hunter's Landing Draw #27 (5-14-25).pdf.lnk"
"12SB Hunters Landing","Rich Development\Draw #14\[OLD]","Hunter's Landing Draw #27 (5-15-25).pdf",".pdf","48142.7","2025-05-20 13:53","I:\.shortcut-targets-by-id\1fkt3Xe3wDSNU3-8StUP8qu7ATEJkGMI0\Summa Terra Ventures Company Folder\Projects\Utah\12SB - Hunter's Landing\Construction\Draws\Rich Development\Draw #14\[OLD]\Hunter's Landing Draw #27 (5-15-25).pdf"
"12SB Hunters Landing","Rich Development\Draw #14\[OLD]","Hunter's Landing Draw #27 (5-15-25) (Signed).pdf",".pdf","47770.8","2025-05-20 16:40","I:\.shortcut-targets-by-id\1fkt3Xe3wDSNU3-8StUP8qu7ATEJkGMI0\Summa Terra Ventures Company Folder\Projects\Utah\12SB - Hunter's Landing\Construction\Draws\Rich Development\Draw #14\[OLD]\Hunter's Landing Draw #27 (5-15-25) (Signed).pdf"
"12SB Hunters Landing","Rich Development\Draw #14\[OLD]","Hunter's Landing Draw #27 (5-28-25) (Signed).pdf",".pdf","48163.8","2025-05-28 11:33","I:\.shortcut-targets-by-id\1fkt3Xe3wDSNU3-8StUP8qu7ATEJkGMI0\Summa Terra Ventures Company Folder\Projects\Utah\12SB - Hunter's Landing\Construction\Draws\Rich Development\Draw #14\[OLD]\Hunter's Landing Draw #27 (5-28-25) (Signed).pdf"
"12SB Hunters Landing","Rich Development\Draw #15","Hunter's Landing Draw #28 (7-21-25)V2 (Signed).pdf",".pdf","8804.4","2025-07-24 10:30","I:\.shortcut-targets-by-id\1fkt3Xe3wDSNU3-8StUP8qu7ATEJkGMI0\Summa Terra Ventures Company Folder\Projects\Utah\12SB - Hunter's Landing\Construction\Draws\Rich Development\Draw #15\Hunter's Landing Draw #28 (7-21-25)V2 (Signed).pdf"
"12SB Hunters Landing","Rich Development\Draw #15\[OLD]","Hunter's Landing Draw #28 (7-9-25).pdf",".pdf","10156.6","2025-07-15 15:59","I:\.shortcut-targets-by-id\1fkt3Xe3wDSNU3-8StUP8qu7ATEJkGMI0\Summa Terra Ventures Company Folder\Projects\Utah\12SB - Hunter's Landing\Construction\Draws\Rich Development\Draw #15\[OLD]\Hunter's Landing Draw #28 (7-9-25).pdf"
"12SB Hunters Landing","Rich Development\Draw #9 (22)","Hunter's Landing Sept-Oct Draw Docs (10-11-24)V2 (Signed).pdf",".pdf","10396.2","2024-10-17 14:11","I:\.shortcut-targets-by-id\1fkt3Xe3wDSNU3-8StUP8qu7ATEJkGMI0\Summa Terra Ventures Company Folder\Projects\Utah\12SB - Hunter's Landing\Construction\Draws\Rich Development\Draw #9 (22)\Hunter's Landing Sept-Oct Draw Docs (10-11-24)V2 (Signed).pdf"
"12SB Hunters Landing","Rich Development\Draw #9 (22)\Archive","Hunter's Landing Sept-Oct Draw Docs (10-10-24).pdf",".pdf","10300.3","2024-10-11 11:31","I:\.shortcut-targets-by-id\1fkt3Xe3wDSNU3-8StUP8qu7ATEJkGMI0\Summa Terra Ventures Company Folder\Projects\Utah\12SB - Hunter's Landing\Construction\Draws\Rich Development\Draw #9 (22)\Archive\Hunter's Landing Sept-Oct Draw Docs (10-10-24).pdf"
"12SB Hunters Landing","Rich Development\Draw #9 (22)\Archive","Pages from Hunter's Landing Sept-Oct Draw Docs (10-10-24).pdf",".pdf","264.9","2024-10-11 11:31","I:\.shortcut-targets-by-id\1fkt3Xe3wDSNU3-8StUP8qu7ATEJkGMI0\Summa Terra Ventures Company Folder\Projects\Utah\12SB - Hunter's Landing\Construction\Draws\Rich Development\Draw #9 (22)\Archive\Pages from Hunter's Landing Sept-Oct Draw Docs (10-10-24).pdf"
"12SB Hunters Landing","Rich Development\Draw #9 (22)\Archive","Hunter's Landing Sept-Oct Draw Docs (10-11-24).pdf",".pdf","10407.4","2024-10-11 15:27","I:\.shortcut-targets-by-id\1fkt3Xe3wDSNU3-8StUP8qu7ATEJkGMI0\Summa Terra Ventures Company Folder\Projects\Utah\12SB - Hunter's Landing\Construction\Draws\Rich Development\Draw #9 (22)\Archive\Hunter's Landing Sept-Oct Draw Docs (10-11-24).pdf"
"12SB Hunters Landing","Rich Development\Draw #9 (22)\Archive","Hunter's Landing Sept-Oct Draw Docs (10-11-24)V2.pdf",".pdf","10392.5","2024-10-11 16:57","I:\.shortcut-targets-by-id\1fkt3Xe3wDSNU3-8StUP8qu7ATEJkGMI0\Summa Terra Ventures Company Folder\Projects\Utah\12SB - Hunter's Landing\Construction\Draws\Rich Development\Draw #9 (22)\Archive\Hunter's Landing Sept-Oct Draw Docs (10-11-24)V2.pdf"
"12SB Hunters Landing","Rich Development\Liens","Kilgore Companies 9-9-2025.pdf",".pdf","662.9","2025-12-08 12:27","I:\.shortcut-targets-by-id\1fkt3Xe3wDSNU3-8StUP8qu7ATEJkGMI0\Summa Terra Ventures Company Folder\Projects\Utah\12SB - Hunter's Landing\Construction\Draws\Rich Development\Liens\Kilgore Companies 9-9-2025.pdf"
"12SB Hunters Landing","Rich Development\Liens","Salmon HVAC 11-19-2025.pdf",".pdf","672.1","2025-12-08 12:28","I:\.shortcut-targets-by-id\1fkt3Xe3wDSNU3-8StUP8qu7ATEJkGMI0\Summa Terra Ventures Company Folder\Projects\Utah\12SB - Hunter's Landing\Construction\Draws\Rich Development\Liens\Salmon HVAC 11-19-2025.pdf"
"12SB Hunters Landing","Rich Development\Liens","Elite Plumbing Lien 1-8-2026.pdf",".pdf","810.8","2026-01-15 12:16","I:\.shortcut-targets-by-id\1fkt3Xe3wDSNU3-8StUP8qu7ATEJkGMI0\Summa Terra Ventures Company Folder\Projects\Utah\12SB - Hunter's Landing\Construction\Draws\Rich Development\Liens\Elite Plumbing Lien 1-8-2026.pdf"
"12SB Hunters Landing","Proof of Payments\GM Custom","Draw 1 - $12,350.pdf",".pdf","3921.8","2023-11-08 09:46","I:\.shortcut-targets-by-id\1fkt3Xe3wDSNU3-8StUP8qu7ATEJkGMI0\Summa Terra Ventures Company Folder\Projects\Utah\12SB - Hunter's Landing\Construction\Draws\Proof of Payments\GM Custom\Draw 1 - $12,350.pdf"
"12SB Hunters Landing","Proof of Payments\GM Custom","Draw 2 - $43.557.12.pdf",".pdf","3714.3","2023-11-08 09:47","I:\.shortcut-targets-by-id\1fkt3Xe3wDSNU3-8StUP8qu7ATEJkGMI0\Summa Terra Ventures Company Folder\Projects\Utah\12SB - Hunter's Landing\Construction\Draws\Proof of Payments\GM Custom\Draw 2 - $43.557.12.pdf"
"12SB Hunters Landing","Invoices Received from Subs After ML\B&M Plumbing","Inv_14537_from_B__M_Plumbing__Heating_Inc._24456.pdf",".pdf","89.8","2023-10-27 10:48","I:\.shortcut-targets-by-id\1fkt3Xe3wDSNU3-8StUP8qu7ATEJkGMI0\Summa Terra Ventures Company Folder\Projects\Utah\12SB - Hunter's Landing\Construction\Draws\Invoices Received from Subs After ML\B&M Plumbing\Inv_14537_from_B__M_Plumbing__Heating_Inc._24456.pdf"
"12SB Hunters Landing","Invoices Received from Subs After ML\B&M Plumbing","Inv_14562_from_B__M_Plumbing__Heating_Inc._24456.pdf",".pdf","89.8","2023-10-27 10:48","I:\.shortcut-targets-by-id\1fkt3Xe3wDSNU3-8StUP8qu7ATEJkGMI0\Summa Terra Ventures Company Folder\Projects\Utah\12SB - Hunter's Landing\Construction\Draws\Invoices Received from Subs After ML\B&M Plumbing\Inv_14562_from_B__M_Plumbing__Heating_Inc._24456.pdf"
"12SB Hunters Landing","Invoices Received from Subs After ML\B&M Plumbing","Inv_14573_from_B__M_Plumbing__Heating_Inc._24456.pdf",".pdf","89.3","2023-10-27 10:48","I:\.shortcut-targets-by-id\1fkt3Xe3wDSNU3-8StUP8qu7ATEJkGMI0\Summa Terra Ventures Company Folder\Projects\Utah\12SB - Hunter's Landing\Construction\Draws\Invoices Received from Subs After ML\B&M Plumbing\Inv_14573_from_B__M_Plumbing__Heating_Inc._24456.pdf"
"12SB Hunters Landing","Invoices Received from Subs After ML\B&M Plumbing","Inv_14678_from_B__M_Plumbing__Heating_Inc._24456.pdf",".pdf","82.9","2023-10-27 10:48","I:\.shortcut-targets-by-id\1fkt3Xe3wDSNU3-8StUP8qu7ATEJkGMI0\Summa Terra Ventures Company Folder\Projects\Utah\12SB - Hunter's Landing\Construction\Draws\Invoices Received from Subs After ML\B&M Plumbing\Inv_14678_from_B__M_Plumbing__Heating_Inc._24456.pdf"
"12SB Hunters Landing","Invoices Received from Subs After ML\B&M Plumbing","Inv_14673_from_B__M_Plumbing__Heating_Inc._24456.pdf",".pdf","89.2","2023-10-27 10:48","I:\.shortcut-targets-by-id\1fkt3Xe3wDSNU3-8StUP8qu7ATEJkGMI0\Summa Terra Ventures Company Folder\Projects\Utah\12SB - Hunter's Landing\Construction\Draws\Invoices Received from Subs After ML\B&M Plumbing\Inv_14673_from_B__M_Plumbing__Heating_Inc._24456.pdf"
"12SB Hunters Landing","Invoices Received from Subs After ML\B&M Plumbing","Inv_14688_from_B__M_Plumbing__Heating_Inc._24456.pdf",".pdf","89.3","2023-10-27 10:48","I:\.shortcut-targets-by-id\1fkt3Xe3wDSNU3-8StUP8qu7ATEJkGMI0\Summa Terra Ventures Company Folder\Projects\Utah\12SB - Hunter's Landing\Construction\Draws\Invoices Received from Subs After ML\B&M Plumbing\Inv_14688_from_B__M_Plumbing__Heating_Inc._24456.pdf"
"12SB Hunters Landing","Invoices Received from Subs After ML\B&M Plumbing","Inv_14704_from_B__M_Plumbing__Heating_Inc._24456.pdf",".pdf","89","2023-10-27 10:48","I:\.shortcut-targets-by-id\1fkt3Xe3wDSNU3-8StUP8qu7ATEJkGMI0\Summa Terra Ventures Company Folder\Projects\Utah\12SB - Hunter's Landing\Construction\Draws\Invoices Received from Subs After ML\B&M Plumbing\Inv_14704_from_B__M_Plumbing__Heating_Inc._24456.pdf"
"12SB Hunters Landing","Invoices Received from Subs After ML\B&M Plumbing","Inv_14711_from_B__M_Plumbing__Heating_Inc._24456.pdf",".pdf","89","2023-10-27 10:49","I:\.shortcut-targets-by-id\1fkt3Xe3wDSNU3-8StUP8qu7ATEJkGMI0\Summa Terra Ventures Company Folder\Projects\Utah\12SB - Hunter's Landing\Construction\Draws\Invoices Received from Subs After ML\B&M Plumbing\Inv_14711_from_B__M_Plumbing__Heating_Inc._24456.pdf"
"12SB Hunters Landing","Invoices Received from Subs After ML\B&M Plumbing","#13 HUnters BM Plumbing_Pay App .xlsx",".xlsx","36.9","2023-10-27 10:49","I:\.shortcut-targets-by-id\1fkt3Xe3wDSNU3-8StUP8qu7ATEJkGMI0\Summa Terra Ventures Company Folder\Projects\Utah\12SB - Hunter's Landing\Construction\Draws\Invoices Received from Subs After ML\B&M Plumbing\#13 HUnters BM Plumbing_Pay App .xlsx"
"12SB Hunters Landing","Invoices Received from Subs After ML\B&M Plumbing","B&M Plumbing - Combined Billing.pdf",".pdf","858.4","2023-12-18 18:55","I:\.shortcut-targets-by-id\1fkt3Xe3wDSNU3-8StUP8qu7ATEJkGMI0\Summa Terra Ventures Company Folder\Projects\Utah\12SB - Hunter's Landing\Construction\Draws\Invoices Received from Subs After ML\B&M Plumbing\B&M Plumbing - Combined Billing.pdf"
"12SB Hunters Landing","Invoices Received from Subs After ML\Select Specialties","Invoice 1169A - Hunters Landing.pdf",".pdf","59.1","2023-10-27 10:47","I:\.shortcut-targets-by-id\1fkt3Xe3wDSNU3-8StUP8qu7ATEJkGMI0\Summa Terra Ventures Company Folder\Projects\Utah\12SB - Hunter's Landing\Construction\Draws\Invoices Received from Subs After ML\Select Specialties\Invoice 1169A - Hunters Landing.pdf"
"12SB Hunters Landing","Invoices Received from Subs After ML\Select Specialties","Invoice 1208A - Hunters Landing.pdf",".pdf","58.1","2023-10-27 10:47","I:\.shortcut-targets-by-id\1fkt3Xe3wDSNU3-8StUP8qu7ATEJkGMI0\Summa Terra Ventures Company Folder\Projects\Utah\12SB - Hunter's Landing\Construction\Draws\Invoices Received from Subs After ML\Select Specialties\Invoice 1208A - Hunters Landing.pdf"
"12SB Hunters Landing","Invoices Received from Subs After ML\Select Specialties","Invoice 1238A - Hunters Landing.pdf",".pdf","57.7","2023-10-27 10:47","I:\.shortcut-targets-by-id\1fkt3Xe3wDSNU3-8StUP8qu7ATEJkGMI0\Summa Terra Ventures Company Folder\Projects\Utah\12SB - Hunter's Landing\Construction\Draws\Invoices Received from Subs After ML\Select Specialties\Invoice 1238A - Hunters Landing.pdf"
"12SB Hunters Landing","Invoices Received from Subs After ML\Select Specialties","Select Specialties Combined Billing.pdf",".pdf","173.4","2023-12-18 18:57","I:\.shortcut-targets-by-id\1fkt3Xe3wDSNU3-8StUP8qu7ATEJkGMI0\Summa Terra Ventures Company Folder\Projects\Utah\12SB - Hunter's Landing\Construction\Draws\Invoices Received from Subs After ML\Select Specialties\Select Specialties Combined Billing.pdf"
"12SB Hunters Landing","Invoices Received from Subs After ML\Atlas Disposal","Hunters landing - invoice #820316.pdf",".pdf","232","2023-11-02 14:21","I:\.shortcut-targets-by-id\1fkt3Xe3wDSNU3-8StUP8qu7ATEJkGMI0\Summa Terra Ventures Company Folder\Projects\Utah\12SB - Hunter's Landing\Construction\Draws\Invoices Received from Subs After ML\Atlas Disposal\Hunters landing - invoice #820316.pdf"
"12SB Hunters Landing","Invoices Received from Subs After ML\Atlas Disposal","Hunters landing - invoice #808702 -.pdf",".pdf","232.3","2023-11-02 14:21","I:\.shortcut-targets-by-id\1fkt3Xe3wDSNU3-8StUP8qu7ATEJkGMI0\Summa Terra Ventures Company Folder\Projects\Utah\12SB - Hunter's Landing\Construction\Draws\Invoices Received from Subs After ML\Atlas Disposal\Hunters landing - invoice #808702 -.pdf"
"12SB Hunters Landing","Invoices Received from Subs After ML\Atlas Disposal","Billing11-11541 8.pdf",".pdf","232.5","2023-11-02 14:23","I:\.shortcut-targets-by-id\1fkt3Xe3wDSNU3-8StUP8qu7ATEJkGMI0\Summa Terra Ventures Company Folder\Projects\Utah\12SB - Hunter's Landing\Construction\Draws\Invoices Received from Subs After ML\Atlas Disposal\Billing11-11541 8.pdf"
"12SB Hunters Landing","Invoices Received from Subs After ML\Atlas Disposal","Combined Billings.pdf",".pdf","696.8","2023-12-18 18:53","I:\.shortcut-targets-by-id\1fkt3Xe3wDSNU3-8StUP8qu7ATEJkGMI0\Summa Terra Ventures Company Folder\Projects\Utah\12SB - Hunter's Landing\Construction\Draws\Invoices Received from Subs After ML\Atlas Disposal\Combined Billings.pdf"
"12SB Hunters Landing","Invoices Received from Subs After ML\GM Custom","2023-11-02_Inv.#288.pdf",".pdf","559.7","2023-11-02 15:18","I:\.shortcut-targets-by-id\1fkt3Xe3wDSNU3-8StUP8qu7ATEJkGMI0\Summa Terra Ventures Company Folder\Projects\Utah\12SB - Hunter's Landing\Construction\Draws\Invoices Received from Subs After ML\GM Custom\2023-11-02_Inv.#288.pdf"
"12SB Hunters Landing","Invoices Received from Subs After ML\GM Custom","2023-11-02_Inv.#327.pdf",".pdf","1518.9","2023-11-02 15:18","I:\.shortcut-targets-by-id\1fkt3Xe3wDSNU3-8StUP8qu7ATEJkGMI0\Summa Terra Ventures Company Folder\Projects\Utah\12SB - Hunter's Landing\Construction\Draws\Invoices Received from Subs After ML\GM Custom\2023-11-02_Inv.#327.pdf"
"12SB Hunters Landing","Invoices Received from Subs After ML\GM Custom","2023-11-02_Inv.#306.pdf",".pdf","683.7","2023-11-02 15:18","I:\.shortcut-targets-by-id\1fkt3Xe3wDSNU3-8StUP8qu7ATEJkGMI0\Summa Terra Ventures Company Folder\Projects\Utah\12SB - Hunter's Landing\Construction\Draws\Invoices Received from Subs After ML\GM Custom\2023-11-02_Inv.#306.pdf"
"12SB Hunters Landing","Invoices Received from Subs After ML\GM Custom","_2023-11-02_Inv.#284.pdf",".pdf","600.9","2023-11-02 15:34","I:\.shortcut-targets-by-id\1fkt3Xe3wDSNU3-8StUP8qu7ATEJkGMI0\Summa Terra Ventures Company Folder\Projects\Utah\12SB - Hunter's Landing\Construction\Draws\Invoices Received from Subs After ML\GM Custom\_2023-11-02_Inv.#284.pdf"
"12SB Hunters Landing","Invoices Received from Subs After ML\GM Custom","2023-11-02_Inv.#301.pdf",".pdf","643.5","2023-11-02 15:34","I:\.shortcut-targets-by-id\1fkt3Xe3wDSNU3-8StUP8qu7ATEJkGMI0\Summa Terra Ventures Company Folder\Projects\Utah\12SB - Hunter's Landing\Construction\Draws\Invoices Received from Subs After ML\GM Custom\2023-11-02_Inv.#301.pdf"
"12SB Hunters Landing","Invoices Received from Subs After ML\GM Custom","2023-11-02_Inv.#305.pdf",".pdf","1623.1","2023-11-02 15:34","I:\.shortcut-targets-by-id\1fkt3Xe3wDSNU3-8StUP8qu7ATEJkGMI0\Summa Terra Ventures Company Folder\Projects\Utah\12SB - Hunter's Landing\Construction\Draws\Invoices Received from Subs After ML\GM Custom\2023-11-02_Inv.#305.pdf"
"12SB Hunters Landing","Invoices Received from Subs After ML\GM Custom","2023-11-02_Inv.#326.pdf",".pdf","611.9","2023-11-02 16:00","I:\.shortcut-targets-by-id\1fkt3Xe3wDSNU3-8StUP8qu7ATEJkGMI0\Summa Terra Ventures Company Folder\Projects\Utah\12SB - Hunter's Landing\Construction\Draws\Invoices Received from Subs After ML\GM Custom\2023-11-02_Inv.#326.pdf"
"12SB Hunters Landing","Invoices Received from Subs After ML\GM Custom","2023-11-02_Inv.#325.pdf",".pdf","592.3","2023-11-02 16:00","I:\.shortcut-targets-by-id\1fkt3Xe3wDSNU3-8StUP8qu7ATEJkGMI0\Summa Terra Ventures Company Folder\Projects\Utah\12SB - Hunter's Landing\Construction\Draws\Invoices Received from Subs After ML\GM Custom\2023-11-02_Inv.#325.pdf"
"12SB Hunters Landing","Invoices Received from Subs After ML\GM Custom","GM Exterior - Combined Billings.pdf",".pdf","6833.1","2023-12-18 18:56","I:\.shortcut-targets-by-id\1fkt3Xe3wDSNU3-8StUP8qu7ATEJkGMI0\Summa Terra Ventures Company Folder\Projects\Utah\12SB - Hunter's Landing\Construction\Draws\Invoices Received from Subs After ML\GM Custom\GM Exterior - Combined Billings.pdf"
"12SB Hunters Landing","Invoices Received from Subs After ML\SCS","Draw 4.pdf",".pdf","588.5","2023-11-09 12:50","I:\.shortcut-targets-by-id\1fkt3Xe3wDSNU3-8StUP8qu7ATEJkGMI0\Summa Terra Ventures Company Folder\Projects\Utah\12SB - Hunter's Landing\Construction\Draws\Invoices Received from Subs After ML\SCS\Draw 4.pdf"
"12SB Hunters Landing","Invoices Received from Subs After ML\Fox and Hound","Fox and Hound Invoice.pdf",".pdf","773.3","2023-12-18 19:02","I:\.shortcut-targets-by-id\1fkt3Xe3wDSNU3-8StUP8qu7ATEJkGMI0\Summa Terra Ventures Company Folder\Projects\Utah\12SB - Hunter's Landing\Construction\Draws\Invoices Received from Subs After ML\Fox and Hound\Fox and Hound Invoice.pdf"
"12SB Hunters Landing","Maker's Line","Hunters Landing Pay App_04_$1,547,156.56_06.25.22 (1).pdf",".pdf","17978.7","2024-05-16 15:04","I:\.shortcut-targets-by-id\1fkt3Xe3wDSNU3-8StUP8qu7ATEJkGMI0\Summa Terra Ventures Company Folder\Projects\Utah\12SB - Hunter's Landing\Construction\Draws\Maker's Line\Hunters Landing Pay App_04_$1,547,156.56_06.25.22 (1).pdf"
"12SB Hunters Landing","Maker's Line","Hunters Landing Pay App_06 $1,456,934.11_08.25.22 R1.pdf",".pdf","27487","2024-05-16 15:04","I:\.shortcut-targets-by-id\1fkt3Xe3wDSNU3-8StUP8qu7ATEJkGMI0\Summa Terra Ventures Company Folder\Projects\Utah\12SB - Hunter's Landing\Construction\Draws\Maker's Line\Hunters Landing Pay App_06 $1,456,934.11_08.25.22 R1.pdf"
"12SB Hunters Landing","Maker's Line","Hunters Landing Pay App_11_$504,387.37_01.25.23.pdf",".pdf","34573.4","2024-05-16 15:09","I:\.shortcut-targets-by-id\1fkt3Xe3wDSNU3-8StUP8qu7ATEJkGMI0\Summa Terra Ventures Company Folder\Projects\Utah\12SB - Hunter's Landing\Construction\Draws\Maker's Line\Hunters Landing Pay App_11_$504,387.37_01.25.23.pdf"
"12SB Hunters Landing","Maker's Line","Hunters Landing Pay App_10_$959,137.51_12.25.22 (1).pdf",".pdf","30848.5","2024-05-16 15:09","I:\.shortcut-targets-by-id\1fkt3Xe3wDSNU3-8StUP8qu7ATEJkGMI0\Summa Terra Ventures Company Folder\Projects\Utah\12SB - Hunter's Landing\Construction\Draws\Maker's Line\Hunters Landing Pay App_10_$959,137.51_12.25.22 (1).pdf"
"12SB Hunters Landing","Maker's Line","Hunters Landing Pay App_07_$937,100.85_09.25.22.pdf",".pdf","22349.8","2024-05-16 15:09","I:\.shortcut-targets-by-id\1fkt3Xe3wDSNU3-8StUP8qu7ATEJkGMI0\Summa Terra Ventures Company Folder\Projects\Utah\12SB - Hunter's Landing\Construction\Draws\Maker's Line\Hunters Landing Pay App_07_$937,100.85_09.25.22.pdf"
"12SB Hunters Landing","Maker's Line","Hunters Landing Pay App_05_$2,132,419.31_7.25.22.pdf",".pdf","22621.3","2024-05-16 15:09","I:\.shortcut-targets-by-id\1fkt3Xe3wDSNU3-8StUP8qu7ATEJkGMI0\Summa Terra Ventures Company Folder\Projects\Utah\12SB - Hunter's Landing\Construction\Draws\Maker's Line\Hunters Landing Pay App_05_$2,132,419.31_7.25.22.pdf"
"12SB Hunters Landing","Maker's Line","Hunters Landing Pay App_03_$2,227,640.72_05.25.22 (1).pdf",".pdf","11781.3","2024-05-16 15:10","I:\.shortcut-targets-by-id\1fkt3Xe3wDSNU3-8StUP8qu7ATEJkGMI0\Summa Terra Ventures Company Folder\Projects\Utah\12SB - Hunter's Landing\Construction\Draws\Maker's Line\Hunters Landing Pay App_03_$2,227,640.72_05.25.22 (1).pdf"
"12SB Hunters Landing","Maker's Line","Hunters Landing Pay App_02_$666,379.73_04.25.22 (1).pdf",".pdf","12293.5","2024-05-16 15:10","I:\.shortcut-targets-by-id\1fkt3Xe3wDSNU3-8StUP8qu7ATEJkGMI0\Summa Terra Ventures Company Folder\Projects\Utah\12SB - Hunter's Landing\Construction\Draws\Maker's Line\Hunters Landing Pay App_02_$666,379.73_04.25.22 (1).pdf"
"12SB Hunters Landing","Maker's Line","Hunters Landing Pay App _1_$469,795.50_02.25.22.pdf",".pdf","1753.7","2024-05-16 16:04","I:\.shortcut-targets-by-id\1fkt3Xe3wDSNU3-8StUP8qu7ATEJkGMI0\Summa Terra Ventures Company Folder\Projects\Utah\12SB - Hunter's Landing\Construction\Draws\Maker's Line\Hunters Landing Pay App _1_$469,795.50_02.25.22.pdf"
"12SB Hunters Landing","Maker's Line\Draw 13","Hunters Landing DRAW REQUEST 13 03.25.23.pdf",".pdf","103.7","2023-07-27 09:12","I:\.shortcut-targets-by-id\1fkt3Xe3wDSNU3-8StUP8qu7ATEJkGMI0\Summa Terra Ventures Company Folder\Projects\Utah\12SB - Hunter's Landing\Construction\Draws\Maker's Line\Draw 13\Hunters Landing DRAW REQUEST 13 03.25.23.pdf"
"12SB Hunters Landing","Maker's Line\Draw 13","Hunters Landing Pay App 13_152,247.48_03.25.23.pdf",".pdf","7000.9","2023-07-27 09:12","I:\.shortcut-targets-by-id\1fkt3Xe3wDSNU3-8StUP8qu7ATEJkGMI0\Summa Terra Ventures Company Folder\Projects\Utah\12SB - Hunter's Landing\Construction\Draws\Maker's Line\Draw 13\Hunters Landing Pay App 13_152,247.48_03.25.23.pdf"
"12SB Hunters Landing","Maker's Line\Draw 13","(old) Hunters Landing Pay App 13_413,027.08_03.25.23 R1.pdf",".pdf","15834.4","2023-07-27 09:13","I:\.shortcut-targets-by-id\1fkt3Xe3wDSNU3-8StUP8qu7ATEJkGMI0\Summa Terra Ventures Company Folder\Projects\Utah\12SB - Hunter's Landing\Construction\Draws\Maker's Line\Draw 13\(old) Hunters Landing Pay App 13_413,027.08_03.25.23 R1.pdf"
"12SB Hunters Landing","Maker's Line\Draw 13","(old) Hunters Landing Pay App 13_460,513.90_03.25.23.pdf",".pdf","17010.4","2023-07-27 09:13","I:\.shortcut-targets-by-id\1fkt3Xe3wDSNU3-8StUP8qu7ATEJkGMI0\Summa Terra Ventures Company Folder\Projects\Utah\12SB - Hunter's Landing\Construction\Draws\Maker's Line\Draw 13\(old) Hunters Landing Pay App 13_460,513.90_03.25.23.pdf"
"12SB Hunters Landing","Maker's Line\Draw 13","(old) Hunters_Landing_DRAW_REQUEST_13 R1.pdf",".pdf","190.9","2023-07-27 09:14","I:\.shortcut-targets-by-id\1fkt3Xe3wDSNU3-8StUP8qu7ATEJkGMI0\Summa Terra Ventures Company Folder\Projects\Utah\12SB - Hunter's Landing\Construction\Draws\Maker's Line\Draw 13\(old) Hunters_Landing_DRAW_REQUEST_13 R1.pdf"
"12SB Hunters Landing","Maker's Line\Draw 13","(old) Hunters_Landing_DRAW_REQUEST_13 R1.xlsx",".xlsx","85.4","2023-10-20 10:42","I:\.shortcut-targets-by-id\1fkt3Xe3wDSNU3-8StUP8qu7ATEJkGMI0\Summa Terra Ventures Company Folder\Projects\Utah\12SB - Hunter's Landing\Construction\Draws\Maker's Line\Draw 13\(old) Hunters_Landing_DRAW_REQUEST_13 R1.xlsx"
"12SB Hunters Landing","Maker's Line\Draw 14","HL draw # 1 1-5-24.pdf",".pdf","3535.2","2024-01-08 14:23","I:\.shortcut-targets-by-id\1fkt3Xe3wDSNU3-8StUP8qu7ATEJkGMI0\Summa Terra Ventures Company Folder\Projects\Utah\12SB - Hunter's Landing\Construction\Draws\Maker's Line\Draw 14\HL draw # 1 1-5-24.pdf"
"12SB Hunters Landing","Maker's Line\Draw 14","Proof of Payment - Insurance - $49,944.09.jpg",".jpg","41.9","2024-01-08 14:28","I:\.shortcut-targets-by-id\1fkt3Xe3wDSNU3-8StUP8qu7ATEJkGMI0\Summa Terra Ventures Company Folder\Projects\Utah\12SB - Hunter's Landing\Construction\Draws\Maker's Line\Draw 14\Proof of Payment - Insurance - $49,944.09.jpg"
"12SB Hunters Landing","Maker's Line\Draw 14\Old","22-10004 - Hunter's Landing 703.xlsx",".xlsx","24.1","2023-11-13 11:37","I:\.shortcut-targets-by-id\1fkt3Xe3wDSNU3-8StUP8qu7ATEJkGMI0\Summa Terra Ventures Company Folder\Projects\Utah\12SB - Hunter's Landing\Construction\Draws\Maker's Line\Draw 14\Old\22-10004 - Hunter's Landing 703.xlsx"
"12SB Hunters Landing","Maker's Line\Draw 14\Old","Hunters_Landing_DRAW_REQUEST_14.pdf",".pdf","203.3","2023-10-23 13:32","I:\.shortcut-targets-by-id\1fkt3Xe3wDSNU3-8StUP8qu7ATEJkGMI0\Summa Terra Ventures Company Folder\Projects\Utah\12SB - Hunter's Landing\Construction\Draws\Maker's Line\Draw 14\Old\Hunters_Landing_DRAW_REQUEST_14.pdf"
"12SB Hunters Landing","Maker's Line\Draw 14\Old","22-10004 - Hunter's Landing.pdf",".pdf","67.5","2023-10-26 16:09","I:\.shortcut-targets-by-id\1fkt3Xe3wDSNU3-8StUP8qu7ATEJkGMI0\Summa Terra Ventures Company Folder\Projects\Utah\12SB - Hunter's Landing\Construction\Draws\Maker's Line\Draw 14\Old\22-10004 - Hunter's Landing.pdf"
"12SB Hunters Landing","Maker's Line\Draw 14\Old","22-10004 - Hunter's Landing 703 Page 1.pdf",".pdf","535.5","2023-11-01 10:26","I:\.shortcut-targets-by-id\1fkt3Xe3wDSNU3-8StUP8qu7ATEJkGMI0\Summa Terra Ventures Company Folder\Projects\Utah\12SB - Hunter's Landing\Construction\Draws\Maker's Line\Draw 14\Old\22-10004 - Hunter's Landing 703 Page 1.pdf"
"12SB Hunters Landing","Maker's Line\Draw 14\Old","22-10004 - Hunter's Landing 703 Page 2.pdf",".pdf","639","2023-11-01 10:27","I:\.shortcut-targets-by-id\1fkt3Xe3wDSNU3-8StUP8qu7ATEJkGMI0\Summa Terra Ventures Company Folder\Projects\Utah\12SB - Hunter's Landing\Construction\Draws\Maker's Line\Draw 14\Old\22-10004 - Hunter's Landing 703 Page 2.pdf"
"12SB Hunters Landing","Maker's Line\Draw 14\Old","Hunters Landing 703.pdf",".pdf","1174.1","2023-11-01 10:29","I:\.shortcut-targets-by-id\1fkt3Xe3wDSNU3-8StUP8qu7ATEJkGMI0\Summa Terra Ventures Company Folder\Projects\Utah\12SB - Hunter's Landing\Construction\Draws\Maker's Line\Draw 14\Old\Hunters Landing 703.pdf"
"12SB Hunters Landing","Maker's Line\Draw 14\Old","HL Draw Request (14) 102523 (1).xlsx",".xlsx","26.1","2023-11-01 13:19","I:\.shortcut-targets-by-id\1fkt3Xe3wDSNU3-8StUP8qu7ATEJkGMI0\Summa Terra Ventures Company Folder\Projects\Utah\12SB - Hunter's Landing\Construction\Draws\Maker's Line\Draw 14\Old\HL Draw Request (14) 102523 (1).xlsx"
"12SB Hunters Landing","Maker's Line\Draw 14\Old","U First Draw Request - 14 (1).pdf",".pdf","297.4","2023-11-01 13:20","I:\.shortcut-targets-by-id\1fkt3Xe3wDSNU3-8StUP8qu7ATEJkGMI0\Summa Terra Ventures Company Folder\Projects\Utah\12SB - Hunter's Landing\Construction\Draws\Maker's Line\Draw 14\Old\U First Draw Request - 14 (1).pdf"
"12SB Hunters Landing","Maker's Line\Draw 14\Old","Forge Invoice.pdf",".pdf","635.7","2023-11-03 10:35","I:\.shortcut-targets-by-id\1fkt3Xe3wDSNU3-8StUP8qu7ATEJkGMI0\Summa Terra Ventures Company Folder\Projects\Utah\12SB - Hunter's Landing\Construction\Draws\Maker's Line\Draw 14\Old\Forge Invoice.pdf"
"12SB Hunters Landing","Maker's Line\Draw 14\Old","Hunter's Landing Pay App #14.pdf",".pdf","1235.8","2023-11-13 12:07","I:\.shortcut-targets-by-id\1fkt3Xe3wDSNU3-8StUP8qu7ATEJkGMI0\Summa Terra Ventures Company Folder\Projects\Utah\12SB - Hunter's Landing\Construction\Draws\Maker's Line\Draw 14\Old\Hunter's Landing Pay App #14.pdf"
"12SB Hunters Landing","Maker's Line\Draw 14\Old","U First Draw Request - 14.pdf",".pdf","297","2024-01-08 14:22","I:\.shortcut-targets-by-id\1fkt3Xe3wDSNU3-8StUP8qu7ATEJkGMI0\Summa Terra Ventures Company Folder\Projects\Utah\12SB - Hunter's Landing\Construction\Draws\Maker's Line\Draw 14\Old\U First Draw Request - 14.pdf"
"12SB Hunters Landing","Maker's Line\Draw 14\Old","Hunters Landing Pay App 14 816,151.82_09.25.23R1.pdf",".pdf","28878.2","2024-05-16 15:06","I:\.shortcut-targets-by-id\1fkt3Xe3wDSNU3-8StUP8qu7ATEJkGMI0\Summa Terra Ventures Company Folder\Projects\Utah\12SB - Hunter's Landing\Construction\Draws\Maker's Line\Draw 14\Old\Hunters Landing Pay App 14 816,151.82_09.25.23R1.pdf"
"12SB Hunters Landing","Maker's Line\Draw 09","Hunters Landing_Pay App 09_$787,456.65_11.25.22 (2) (2).pdf",".pdf","19066.5","2024-05-16 15:12","I:\.shortcut-targets-by-id\1fkt3Xe3wDSNU3-8StUP8qu7ATEJkGMI0\Summa Terra Ventures Company Folder\Projects\Utah\12SB - Hunter's Landing\Construction\Draws\Maker's Line\Draw 09\Hunters Landing_Pay App 09_$787,456.65_11.25.22 (2) (2).pdf"
"12SB Hunters Landing","Maker's Line\Draw 09","Hunters Landing DRAW REQUEST 09 (1).pdf",".pdf","82.9","2024-05-16 15:13","I:\.shortcut-targets-by-id\1fkt3Xe3wDSNU3-8StUP8qu7ATEJkGMI0\Summa Terra Ventures Company Folder\Projects\Utah\12SB - Hunter's Landing\Construction\Draws\Maker's Line\Draw 09\Hunters Landing DRAW REQUEST 09 (1).pdf"
"12SB Hunters Landing","Maker's Line\Draw 08","Hunters_Landing_DRAW_REQUEST_08 (1).pdf",".pdf","203.6","2022-11-14 15:04","I:\.shortcut-targets-by-id\1fkt3Xe3wDSNU3-8StUP8qu7ATEJkGMI0\Summa Terra Ventures Company Folder\Projects\Utah\12SB - Hunter's Landing\Construction\Draws\Maker's Line\Draw 08\Hunters_Landing_DRAW_REQUEST_08 (1).pdf"
"12SB Hunters Landing","Maker's Line\Draw 08","Hunters_Landing_Pay_App_08_$741,868.43_10.25.22 (2).pdf",".pdf","27610.8","2022-11-14 15:05","I:\.shortcut-targets-by-id\1fkt3Xe3wDSNU3-8StUP8qu7ATEJkGMI0\Summa Terra Ventures Company Folder\Projects\Utah\12SB - Hunter's Landing\Construction\Draws\Maker's Line\Draw 08\Hunters_Landing_Pay_App_08_$741,868.43_10.25.22 (2).pdf"
"12SB Hunters Landing","Maker's Line\Draw 12","Hunters Landing Pay App 12_1,044,398.60_02.25.23 (1) (1).pdf.lnk",".lnk","0","2024-05-16 15:14","I:\.shortcut-targets-by-id\1fkt3Xe3wDSNU3-8StUP8qu7ATEJkGMI0\Summa Terra Ventures Company Folder\Projects\Utah\12SB - Hunter's Landing\Construction\Draws\Maker's Line\Draw 12\Hunters Landing Pay App 12_1,044,398.60_02.25.23 (1) (1).pdf.lnk"
"HLN (Hunter's Landing North)","(root)","Document Filler.txt",".txt","0","2022-03-22 09:43","I:\.shortcut-targets-by-id\1fkt3Xe3wDSNU3-8StUP8qu7ATEJkGMI0\Summa Terra Ventures Company Folder\Projects\Utah\Hunter's Landing - North\Construction\Draws\Document Filler.txt"
"HLN (Hunter's Landing North)","(root)","Arixa Draw Submission - Hunter's Landing North.xlsx",".xlsx","69.7","2025-12-01 14:30","I:\.shortcut-targets-by-id\1fkt3Xe3wDSNU3-8StUP8qu7ATEJkGMI0\Summa Terra Ventures Company Folder\Projects\Utah\Hunter's Landing - North\Construction\Draws\Arixa Draw Submission - Hunter's Landing North.xlsx"
"HLN (Hunter's Landing North)","[OLD]","Hunter's Landing North Continuation Sheet.gsheet",".gsheet","0.2","2025-05-08 13:11","I:\.shortcut-targets-by-id\1fkt3Xe3wDSNU3-8StUP8qu7ATEJkGMI0\Summa Terra Ventures Company Folder\Projects\Utah\Hunter's Landing - North\Construction\Draws\[OLD]\Hunter's Landing North Continuation Sheet.gsheet"
"HLN (Hunter's Landing North)","[OLD]","Hunter's Landing North Continuation Sheet.xlsx",".xlsx","146.9","2024-11-04 14:04","I:\.shortcut-targets-by-id\1fkt3Xe3wDSNU3-8StUP8qu7ATEJkGMI0\Summa Terra Ventures Company Folder\Projects\Utah\Hunter's Landing - North\Construction\Draws\[OLD]\Hunter's Landing North Continuation Sheet.xlsx"
"HLN (Hunter's Landing North)","Draw 19","Hunters Landing North Draw #18 (3-11-26).pdf",".pdf","19832.5","2026-03-12 12:47","I:\.shortcut-targets-by-id\1fkt3Xe3wDSNU3-8StUP8qu7ATEJkGMI0\Summa Terra Ventures Company Folder\Projects\Utah\Hunter's Landing - North\Construction\Draws\Draw 19\Hunters Landing North Draw #18 (3-11-26).pdf"
"HLN (Hunter's Landing North)","Draw 19","Arixa Draw 16 CM Fee & Summary - HLN.gdoc",".gdoc","0.2","2026-03-17 16:48","I:\.shortcut-targets-by-id\1fkt3Xe3wDSNU3-8StUP8qu7ATEJkGMI0\Summa Terra Ventures Company Folder\Projects\Utah\Hunter's Landing - North\Construction\Draws\Draw 19\Arixa Draw 16 CM Fee & Summary - HLN.gdoc"
"HLN (Hunter's Landing North)","Draw 19","Arixa Draw 16 Consolidated - HLN (Signed).pdf",".pdf","19875.1","2026-03-17 17:01","I:\.shortcut-targets-by-id\1fkt3Xe3wDSNU3-8StUP8qu7ATEJkGMI0\Summa Terra Ventures Company Folder\Projects\Utah\Hunter's Landing - North\Construction\Draws\Draw 19\Arixa Draw 16 Consolidated - HLN (Signed).pdf"
"HLN (Hunter's Landing North)","Draw 19","Arixa SOV - 1075 Century Drive - Ready for Draw 16-FINAL.xlsx",".xlsx","88.4","2026-04-27 09:12","I:\.shortcut-targets-by-id\1fkt3Xe3wDSNU3-8StUP8qu7ATEJkGMI0\Summa Terra Ventures Company Folder\Projects\Utah\Hunter's Landing - North\Construction\Draws\Draw 19\Arixa SOV - 1075 Century Drive - Ready for Draw 16-FINAL.xlsx"
"HLN (Hunter's Landing North)","Draw 19\Archive","Hunters Landing North Draw #18 (3-6-26).pdf",".pdf","19973.7","2026-03-06 12:44","I:\.shortcut-targets-by-id\1fkt3Xe3wDSNU3-8StUP8qu7ATEJkGMI0\Summa Terra Ventures Company Folder\Projects\Utah\Hunter's Landing - North\Construction\Draws\Draw 19\Archive\Hunters Landing North Draw #18 (3-6-26).pdf"
"HLN (Hunter's Landing North)","Draw 19\Archive","Hunters Landing North Draw #18 (3-10-26).pdf",".pdf","19527.1","2026-03-10 14:17","I:\.shortcut-targets-by-id\1fkt3Xe3wDSNU3-8StUP8qu7ATEJkGMI0\Summa Terra Ventures Company Folder\Projects\Utah\Hunter's Landing - North\Construction\Draws\Draw 19\Archive\Hunters Landing North Draw #18 (3-10-26).pdf"
"HLN (Hunter's Landing North)","Draw 18","Arixa SOV - 1075 Century Drive - Ready for Draw 15.xlsx",".xlsx","88.3","2026-02-10 17:11","I:\.shortcut-targets-by-id\1fkt3Xe3wDSNU3-8StUP8qu7ATEJkGMI0\Summa Terra Ventures Company Folder\Projects\Utah\Hunter's Landing - North\Construction\Draws\Draw 18\Arixa SOV - 1075 Century Drive - Ready for Draw 15.xlsx"
"HLN (Hunter's Landing North)","Draw 18","HLN contract sum owed draw.pdf",".pdf","84.3","2026-02-10 17:09","I:\.shortcut-targets-by-id\1fkt3Xe3wDSNU3-8StUP8qu7ATEJkGMI0\Summa Terra Ventures Company Folder\Projects\Utah\Hunter's Landing - North\Construction\Draws\Draw 18\HLN contract sum owed draw.pdf"
"HLN (Hunter's Landing North)","Draw 18","HLN contract sum owed draw.xlsx",".xlsx","135.7","2026-02-10 17:03","I:\.shortcut-targets-by-id\1fkt3Xe3wDSNU3-8StUP8qu7ATEJkGMI0\Summa Terra Ventures Company Folder\Projects\Utah\Hunter's Landing - North\Construction\Draws\Draw 18\HLN contract sum owed draw.xlsx"
"HLN (Hunter's Landing North)","Draw 18","Arixa Draw 15 CM Fee & Summary - HLN.gdoc",".gdoc","0.2","2026-02-10 17:06","I:\.shortcut-targets-by-id\1fkt3Xe3wDSNU3-8StUP8qu7ATEJkGMI0\Summa Terra Ventures Company Folder\Projects\Utah\Hunter's Landing - North\Construction\Draws\Draw 18\Arixa Draw 15 CM Fee & Summary - HLN.gdoc"
"HLN (Hunter's Landing North)","Draw 18","Arixa Draw 15 Consolidated - HLN (Signed).pdf",".pdf","158.1","2026-02-11 12:44","I:\.shortcut-targets-by-id\1fkt3Xe3wDSNU3-8StUP8qu7ATEJkGMI0\Summa Terra Ventures Company Folder\Projects\Utah\Hunter's Landing - North\Construction\Draws\Draw 18\Arixa Draw 15 Consolidated - HLN (Signed).pdf"
"HLN (Hunter's Landing North)","Draw 17","Arixa SOV - 1075 Century Drive - Ready for Draw 14.xlsx",".xlsx","88.4","2026-01-30 10:27","I:\.shortcut-targets-by-id\1fkt3Xe3wDSNU3-8StUP8qu7ATEJkGMI0\Summa Terra Ventures Company Folder\Projects\Utah\Hunter's Landing - North\Construction\Draws\Draw 17\Arixa SOV - 1075 Century Drive - Ready for Draw 14.xlsx"
"HLN (Hunter's Landing North)","Draw 17","Arixa Draw 14 Consolidated - HLN (Signed).pdf",".pdf","9595.7","2026-01-30 12:44","I:\.shortcut-targets-by-id\1fkt3Xe3wDSNU3-8StUP8qu7ATEJkGMI0\Summa Terra Ventures Company Folder\Projects\Utah\Hunter's Landing - North\Construction\Draws\Draw 17\Arixa Draw 14 Consolidated - HLN (Signed).pdf"
"HLN (Hunter's Landing North)","Draw 17","Arixa Draw 14 CM Fee & Summary - HLN.gdoc",".gdoc","0.2","2026-01-27 10:41","I:\.shortcut-targets-by-id\1fkt3Xe3wDSNU3-8StUP8qu7ATEJkGMI0\Summa Terra Ventures Company Folder\Projects\Utah\Hunter's Landing - North\Construction\Draws\Draw 17\Arixa Draw 14 CM Fee & Summary - HLN.gdoc"
"HLN (Hunter's Landing North)","Draw 17","Hunter's Landing North Draw #17 (1-27-26).pdf",".pdf","9540.2","2026-01-27 10:33","I:\.shortcut-targets-by-id\1fkt3Xe3wDSNU3-8StUP8qu7ATEJkGMI0\Summa Terra Ventures Company Folder\Projects\Utah\Hunter's Landing - North\Construction\Draws\Draw 17\Hunter's Landing North Draw #17 (1-27-26).pdf"
"HLN (Hunter's Landing North)","Draw 17","HLN Contingency Tracker.gsheet",".gsheet","0.2","2026-05-06 14:40","I:\.shortcut-targets-by-id\1fkt3Xe3wDSNU3-8StUP8qu7ATEJkGMI0\Summa Terra Ventures Company Folder\Projects\Utah\Hunter's Landing - North\Construction\Draws\Draw 17\HLN Contingency Tracker.gsheet"
"HLN (Hunter's Landing North)","Draw 17","Hunter's Landing North Draw #16 Unconditionals.pdf",".pdf","2677.2","2026-02-05 15:55","I:\.shortcut-targets-by-id\1fkt3Xe3wDSNU3-8StUP8qu7ATEJkGMI0\Summa Terra Ventures Company Folder\Projects\Utah\Hunter's Landing - North\Construction\Draws\Draw 17\Hunter's Landing North Draw #16 Unconditionals.pdf"
"HLN (Hunter's Landing North)","Draw 17\Archive","Hunter's Landing North Draw #17 (1-14-25).pdf",".pdf","9367.6","2026-01-20 14:13","I:\.shortcut-targets-by-id\1fkt3Xe3wDSNU3-8StUP8qu7ATEJkGMI0\Summa Terra Ventures Company Folder\Projects\Utah\Hunter's Landing - North\Construction\Draws\Draw 17\Archive\Hunter's Landing North Draw #17 (1-14-25).pdf"
"HLN (Hunter's Landing North)","Draw 17\Archive","Hunter's Landing North Draw #17 (1-25-26).pdf",".pdf","9633","2026-01-26 10:10","I:\.shortcut-targets-by-id\1fkt3Xe3wDSNU3-8StUP8qu7ATEJkGMI0\Summa Terra Ventures Company Folder\Projects\Utah\Hunter's Landing - North\Construction\Draws\Draw 17\Archive\Hunter's Landing North Draw #17 (1-25-26).pdf"
"HLN (Hunter's Landing North)","Draw 05","Hunters Landing North Draw #5 (12-17-24).pdf",".pdf","2592.1","2024-12-18 16:47","I:\.shortcut-targets-by-id\1fkt3Xe3wDSNU3-8StUP8qu7ATEJkGMI0\Summa Terra Ventures Company Folder\Projects\Utah\Hunter's Landing - North\Construction\Draws\Draw 05\Hunters Landing North Draw #5 (12-17-24).pdf"
"HLN (Hunter's Landing North)","Draw 05","Draw 05 - Arixa Draw Submission - Hunter's Landing North.xlsx.xlsx",".xlsx","65.6","2024-12-17 17:16","I:\.shortcut-targets-by-id\1fkt3Xe3wDSNU3-8StUP8qu7ATEJkGMI0\Summa Terra Ventures Company Folder\Projects\Utah\Hunter's Landing - North\Construction\Draws\Draw 05\Draw 05 - Arixa Draw Submission - Hunter's Landing North.xlsx.xlsx"
"HLN (Hunter's Landing North)","Draw 05","Draw 05 CM Fee & Summary - HLN.gdoc",".gdoc","0.2","2024-12-17 17:17","I:\.shortcut-targets-by-id\1fkt3Xe3wDSNU3-8StUP8qu7ATEJkGMI0\Summa Terra Ventures Company Folder\Projects\Utah\Hunter's Landing - North\Construction\Draws\Draw 05\Draw 05 CM Fee & Summary - HLN.gdoc"
"HLN (Hunter's Landing North)","Draw 05","Draw 05 CM Fee & Summary - HLN.pdf",".pdf","50.4","2024-12-18 16:44","I:\.shortcut-targets-by-id\1fkt3Xe3wDSNU3-8StUP8qu7ATEJkGMI0\Summa Terra Ventures Company Folder\Projects\Utah\Hunter's Landing - North\Construction\Draws\Draw 05\Draw 05 CM Fee & Summary - HLN.pdf"
"HLN (Hunter's Landing North)","Draw 05\[OLD]","[OLD] Hunters Landing North Draw #5 (12-5-24).pdf",".pdf","2626","2024-12-18 16:47","I:\.shortcut-targets-by-id\1fkt3Xe3wDSNU3-8StUP8qu7ATEJkGMI0\Summa Terra Ventures Company Folder\Projects\Utah\Hunter's Landing - North\Construction\Draws\Draw 05\[OLD]\[OLD] Hunters Landing North Draw #5 (12-5-24).pdf"
"HLN (Hunter's Landing North)","Draw 06","Hunters Landing North Draw #6 (1-24-25).pdf",".pdf","9362.8","2025-01-31 16:20","I:\.shortcut-targets-by-id\1fkt3Xe3wDSNU3-8StUP8qu7ATEJkGMI0\Summa Terra Ventures Company Folder\Projects\Utah\Hunter's Landing - North\Construction\Draws\Draw 06\Hunters Landing North Draw #6 (1-24-25).pdf"
"HLN (Hunter's Landing North)","Draw 06","Arixa Draw 03 CM Fee & Summary - HLN (Signed).pdf",".pdf","146.9","2025-01-31 16:21","I:\.shortcut-targets-by-id\1fkt3Xe3wDSNU3-8StUP8qu7ATEJkGMI0\Summa Terra Ventures Company Folder\Projects\Utah\Hunter's Landing - North\Construction\Draws\Draw 06\Arixa Draw 03 CM Fee & Summary - HLN (Signed).pdf"
"HLN (Hunter's Landing North)","Draw 06","Arixa Draw 03 - Arixa Draw Submission - Hunter's Landing North.xlsx",".xlsx","65.8","2025-01-31 16:21","I:\.shortcut-targets-by-id\1fkt3Xe3wDSNU3-8StUP8qu7ATEJkGMI0\Summa Terra Ventures Company Folder\Projects\Utah\Hunter's Landing - North\Construction\Draws\Draw 06\Arixa Draw 03 - Arixa Draw Submission - Hunter's Landing North.xlsx"
"HLN (Hunter's Landing North)","Draw 06","Arixa Draw 03 CM Fee & Summary - HLN.gdoc",".gdoc","0.2","2025-01-31 16:21","I:\.shortcut-targets-by-id\1fkt3Xe3wDSNU3-8StUP8qu7ATEJkGMI0\Summa Terra Ventures Company Folder\Projects\Utah\Hunter's Landing - North\Construction\Draws\Draw 06\Arixa Draw 03 CM Fee & Summary - HLN.gdoc"
"HLN (Hunter's Landing North)","Draw 06","Arixa Draw 03 CM Fee & Summary - HLN.pdf",".pdf","56.4","2025-01-31 16:22","I:\.shortcut-targets-by-id\1fkt3Xe3wDSNU3-8StUP8qu7ATEJkGMI0\Summa Terra Ventures Company Folder\Projects\Utah\Hunter's Landing - North\Construction\Draws\Draw 06\Arixa Draw 03 CM Fee & Summary - HLN.pdf"
"HLN (Hunter's Landing North)","Draw 06\[OLD]","[OLD] Hunters Landing North Draw #6 (1-9-24).pdf",".pdf","6125.8","2025-01-31 16:20","I:\.shortcut-targets-by-id\1fkt3Xe3wDSNU3-8StUP8qu7ATEJkGMI0\Summa Terra Ventures Company Folder\Projects\Utah\Hunter's Landing - North\Construction\Draws\Draw 06\[OLD]\[OLD] Hunters Landing North Draw #6 (1-9-24).pdf"
"HLN (Hunter's Landing North)","Draw 06\[OLD]","[OLD] Hunters Landing North Draw #6 (1-9-24) - ZC Notes.pdf",".pdf","6108.9","2025-01-31 16:21","I:\.shortcut-targets-by-id\1fkt3Xe3wDSNU3-8StUP8qu7ATEJkGMI0\Summa Terra Ventures Company Folder\Projects\Utah\Hunter's Landing - North\Construction\Draws\Draw 06\[OLD]\[OLD] Hunters Landing North Draw #6 (1-9-24) - ZC Notes.pdf"
"HLN (Hunter's Landing North)","Draw 07","Hunter's Landing North Draw 7 (2-27-25).pdf",".pdf","10084.3","2025-02-28 11:05","I:\.shortcut-targets-by-id\1fkt3Xe3wDSNU3-8StUP8qu7ATEJkGMI0\Summa Terra Ventures Company Folder\Projects\Utah\Hunter's Landing - North\Construction\Draws\Draw 07\Hunter's Landing North Draw 7 (2-27-25).pdf"
"HLN (Hunter's Landing North)","Draw 07","Arixa Draw 04 - Arixa Draw Submission - Hunter's Landing North.xlsx",".xlsx","66","2025-03-03 11:23","I:\.shortcut-targets-by-id\1fkt3Xe3wDSNU3-8StUP8qu7ATEJkGMI0\Summa Terra Ventures Company Folder\Projects\Utah\Hunter's Landing - North\Construction\Draws\Draw 07\Arixa Draw 04 - Arixa Draw Submission - Hunter's Landing North.xlsx"
"HLN (Hunter's Landing North)","Draw 07","Arixa Draw 04 CM Fee & Summary - HLN (Signed).pdf",".pdf","91","2025-03-03 13:45","I:\.shortcut-targets-by-id\1fkt3Xe3wDSNU3-8StUP8qu7ATEJkGMI0\Summa Terra Ventures Company Folder\Projects\Utah\Hunter's Landing - North\Construction\Draws\Draw 07\Arixa Draw 04 CM Fee & Summary - HLN (Signed).pdf"
"HLN (Hunter's Landing North)","Draw 07\Archive","Hunter's Landing North Draw 7 (2-19-25).pdf",".pdf","7685","2025-02-21 11:10","I:\.shortcut-targets-by-id\1fkt3Xe3wDSNU3-8StUP8qu7ATEJkGMI0\Summa Terra Ventures Company Folder\Projects\Utah\Hunter's Landing - North\Construction\Draws\Draw 07\Archive\Hunter's Landing North Draw 7 (2-19-25).pdf"
"HLN (Hunter's Landing North)","Draw 07\Archive","Arixa Draw 04 CM Fee & Summary - HLN.gdoc",".gdoc","0.2","2025-03-03 11:23","I:\.shortcut-targets-by-id\1fkt3Xe3wDSNU3-8StUP8qu7ATEJkGMI0\Summa Terra Ventures Company Folder\Projects\Utah\Hunter's Landing - North\Construction\Draws\Draw 07\Archive\Arixa Draw 04 CM Fee & Summary - HLN.gdoc"
"HLN (Hunter's Landing North)","Draw 07\Archive","Hunter's Landing North Draw 7 (2-19-25) (1).gdoc",".gdoc","0.2","2025-05-01 15:06","I:\.shortcut-targets-by-id\1fkt3Xe3wDSNU3-8StUP8qu7ATEJkGMI0\Summa Terra Ventures Company Folder\Projects\Utah\Hunter's Landing - North\Construction\Draws\Draw 07\Archive\Hunter's Landing North Draw 7 (2-19-25) (1).gdoc"
"HLN (Hunter's Landing North)","Draw 07\Archive","Hunter's Landing North Draw 7 (2-19-25).gdoc",".gdoc","0.2","2025-05-01 15:06","I:\.shortcut-targets-by-id\1fkt3Xe3wDSNU3-8StUP8qu7ATEJkGMI0\Summa Terra Ventures Company Folder\Projects\Utah\Hunter's Landing - North\Construction\Draws\Draw 07\Archive\Hunter's Landing North Draw 7 (2-19-25).gdoc"
"HLN (Hunter's Landing North)","Draw 03","8-28-2024 Executed Draw #3 Hunter's Landing North (version 2).pdf",".pdf","5575.3","2024-09-12 12:33","I:\.shortcut-targets-by-id\1fkt3Xe3wDSNU3-8StUP8qu7ATEJkGMI0\Summa Terra Ventures Company Folder\Projects\Utah\Hunter's Landing - North\Construction\Draws\Draw 03\8-28-2024 Executed Draw #3 Hunter's Landing North (version 2).pdf"
"HLN (Hunter's Landing North)","Draw 02","HLN draw # 2.pdf",".pdf","1505","2024-09-12 12:32","I:\.shortcut-targets-by-id\1fkt3Xe3wDSNU3-8StUP8qu7ATEJkGMI0\Summa Terra Ventures Company Folder\Projects\Utah\Hunter's Landing - North\Construction\Draws\Draw 02\HLN draw # 2.pdf"
"HLN (Hunter's Landing North)","Draw 01","HLN notarized draw 1.pdf",".pdf","742.1","2024-09-12 12:31","I:\.shortcut-targets-by-id\1fkt3Xe3wDSNU3-8StUP8qu7ATEJkGMI0\Summa Terra Ventures Company Folder\Projects\Utah\Hunter's Landing - North\Construction\Draws\Draw 01\HLN notarized draw 1.pdf"
"HLN (Hunter's Landing North)","Draw 01","HLN DRAW # 1 7-9-24.pdf",".pdf","6648.2","2024-07-11 17:00","I:\.shortcut-targets-by-id\1fkt3Xe3wDSNU3-8StUP8qu7ATEJkGMI0\Summa Terra Ventures Company Folder\Projects\Utah\Hunter's Landing - North\Construction\Draws\Draw 01\HLN DRAW # 1 7-9-24.pdf"
"HLN (Hunter's Landing North)","Draw 01","G702-G703 HLN pay-app # 1.xlsx",".xlsx","119.4","2025-09-16 14:21","I:\.shortcut-targets-by-id\1fkt3Xe3wDSNU3-8StUP8qu7ATEJkGMI0\Summa Terra Ventures Company Folder\Projects\Utah\Hunter's Landing - North\Construction\Draws\Draw 01\G702-G703 HLN pay-app # 1.xlsx"
"HLN (Hunter's Landing North)","Draw 04","Hunter's Landing North - Pay App 4 (11-27).pdf",".pdf","5190.2","2024-11-27 15:05","I:\.shortcut-targets-by-id\1fkt3Xe3wDSNU3-8StUP8qu7ATEJkGMI0\Summa Terra Ventures Company Folder\Projects\Utah\Hunter's Landing - North\Construction\Draws\Draw 04\Hunter's Landing North - Pay App 4 (11-27).pdf"
"HLN (Hunter's Landing North)","Draw 04","Draw 04 - Arixa Draw Submission - Hunter's Landing North.xlsx.xlsx",".xlsx","65.5","2024-11-27 15:06","I:\.shortcut-targets-by-id\1fkt3Xe3wDSNU3-8StUP8qu7ATEJkGMI0\Summa Terra Ventures Company Folder\Projects\Utah\Hunter's Landing - North\Construction\Draws\Draw 04\Draw 04 - Arixa Draw Submission - Hunter's Landing North.xlsx.xlsx"
"HLN (Hunter's Landing North)","Draw 04","Draw 04 CM Fee & Summary - HLN.gdoc",".gdoc","0.2","2024-11-27 15:33","I:\.shortcut-targets-by-id\1fkt3Xe3wDSNU3-8StUP8qu7ATEJkGMI0\Summa Terra Ventures Company Folder\Projects\Utah\Hunter's Landing - North\Construction\Draws\Draw 04\Draw 04 CM Fee & Summary - HLN.gdoc"
"HLN (Hunter's Landing North)","Draw 04","Draw 04 CM Fee & Summary - HLN.pdf",".pdf","49.9","2024-11-27 15:33","I:\.shortcut-targets-by-id\1fkt3Xe3wDSNU3-8StUP8qu7ATEJkGMI0\Summa Terra Ventures Company Folder\Projects\Utah\Hunter's Landing - North\Construction\Draws\Draw 04\Draw 04 CM Fee & Summary - HLN.pdf"
"HLN (Hunter's Landing North)","Draw 04\Archive","Hunter's Landing North - Pay App 4 (11-14).pdf",".pdf","3720.6","2024-11-18 11:44","I:\.shortcut-targets-by-id\1fkt3Xe3wDSNU3-8StUP8qu7ATEJkGMI0\Summa Terra Ventures Company Folder\Projects\Utah\Hunter's Landing - North\Construction\Draws\Draw 04\Archive\Hunter's Landing North - Pay App 4 (11-14).pdf"
"HLN (Hunter's Landing North)","Draw 04\Archive","Arixa SOV -- 1075 Century Drive (For Borrower Approval 10.02.24).xlsx",".xlsx","64.9","2024-11-20 16:50","I:\.shortcut-targets-by-id\1fkt3Xe3wDSNU3-8StUP8qu7ATEJkGMI0\Summa Terra Ventures Company Folder\Projects\Utah\Hunter's Landing - North\Construction\Draws\Draw 04\Archive\Arixa SOV -- 1075 Century Drive (For Borrower Approval 10.02.24).xlsx"
"HLN (Hunter's Landing North)","Draw 04\Archive","Hunter's Landing North - Pay App 4 (11-19).pdf",".pdf","5233","2024-11-19 11:59","I:\.shortcut-targets-by-id\1fkt3Xe3wDSNU3-8StUP8qu7ATEJkGMI0\Summa Terra Ventures Company Folder\Projects\Utah\Hunter's Landing - North\Construction\Draws\Draw 04\Archive\Hunter's Landing North - Pay App 4 (11-19).pdf"
"HLN (Hunter's Landing North)","Draw 08","Hunter's Landing North Draw 8 (4-7-25).pdf",".pdf","4820.5","2025-04-08 10:07","I:\.shortcut-targets-by-id\1fkt3Xe3wDSNU3-8StUP8qu7ATEJkGMI0\Summa Terra Ventures Company Folder\Projects\Utah\Hunter's Landing - North\Construction\Draws\Draw 08\Hunter's Landing North Draw 8 (4-7-25).pdf"
"HLN (Hunter's Landing North)","Draw 08","Arixa Draw 05 CM Fee & Summary - HLN.gdoc",".gdoc","0.2","2025-04-10 09:18","I:\.shortcut-targets-by-id\1fkt3Xe3wDSNU3-8StUP8qu7ATEJkGMI0\Summa Terra Ventures Company Folder\Projects\Utah\Hunter's Landing - North\Construction\Draws\Draw 08\Arixa Draw 05 CM Fee & Summary - HLN.gdoc"
"HLN (Hunter's Landing North)","Draw 08","Arixa Draw 05 CM Fee & Summary - HLN (Signed).pdf",".pdf","91.9","2025-04-10 10:21","I:\.shortcut-targets-by-id\1fkt3Xe3wDSNU3-8StUP8qu7ATEJkGMI0\Summa Terra Ventures Company Folder\Projects\Utah\Hunter's Landing - North\Construction\Draws\Draw 08\Arixa Draw 05 CM Fee & Summary - HLN (Signed).pdf"
"HLN (Hunter's Landing North)","Draw 08","Arixa Draw 05 - Arixa Draw Submission - Hunter's Landing North.xlsx",".xlsx","67.3","2025-04-10 15:02","I:\.shortcut-targets-by-id\1fkt3Xe3wDSNU3-8StUP8qu7ATEJkGMI0\Summa Terra Ventures Company Folder\Projects\Utah\Hunter's Landing - North\Construction\Draws\Draw 08\Arixa Draw 05 - Arixa Draw Submission - Hunter's Landing North.xlsx"
"HLN (Hunter's Landing North)","Draw 08\Archive","Hunter's Landing North Draw 8 (3-27-25).pdf",".pdf","5197.2","2025-04-07 13:13","I:\.shortcut-targets-by-id\1fkt3Xe3wDSNU3-8StUP8qu7ATEJkGMI0\Summa Terra Ventures Company Folder\Projects\Utah\Hunter's Landing - North\Construction\Draws\Draw 08\Archive\Hunter's Landing North Draw 8 (3-27-25).pdf"
"HLN (Hunter's Landing North)","Draw 09","Arixa Draw 06 - Arixa Draw Submission - Hunter's Landing North.xlsx",".xlsx","67.1","2025-05-06 16:13","I:\.shortcut-targets-by-id\1fkt3Xe3wDSNU3-8StUP8qu7ATEJkGMI0\Summa Terra Ventures Company Folder\Projects\Utah\Hunter's Landing - North\Construction\Draws\Draw 09\Arixa Draw 06 - Arixa Draw Submission - Hunter's Landing North.xlsx"
"HLN (Hunter's Landing North)","Draw 09","Arixa Draw 06 CM Fee & Summary - HLN.gdoc",".gdoc","0.2","2025-05-06 16:17","I:\.shortcut-targets-by-id\1fkt3Xe3wDSNU3-8StUP8qu7ATEJkGMI0\Summa Terra Ventures Company Folder\Projects\Utah\Hunter's Landing - North\Construction\Draws\Draw 09\Arixa Draw 06 CM Fee & Summary - HLN.gdoc"
"HLN (Hunter's Landing North)","Draw 09","Arixa Draw 06 Consolidated - HLN (Signed).pdf",".pdf","5000.3","2025-05-09 11:33","I:\.shortcut-targets-by-id\1fkt3Xe3wDSNU3-8StUP8qu7ATEJkGMI0\Summa Terra Ventures Company Folder\Projects\Utah\Hunter's Landing - North\Construction\Draws\Draw 09\Arixa Draw 06 Consolidated - HLN (Signed).pdf"
"HLN (Hunter's Landing North)","Draw 09\[OLD]","Hunter's Landing North Draw #9 (5-5-25).pdf",".pdf","4958.3","2025-05-06 16:05","I:\.shortcut-targets-by-id\1fkt3Xe3wDSNU3-8StUP8qu7ATEJkGMI0\Summa Terra Ventures Company Folder\Projects\Utah\Hunter's Landing - North\Construction\Draws\Draw 09\[OLD]\Hunter's Landing North Draw #9 (5-5-25).pdf"
"HLN (Hunter's Landing North)","Draw 09\[OLD]","Hunter's Landing North Draw #9 (5-2-25).pdf",".pdf","5242.8","2025-05-02 14:00","I:\.shortcut-targets-by-id\1fkt3Xe3wDSNU3-8StUP8qu7ATEJkGMI0\Summa Terra Ventures Company Folder\Projects\Utah\Hunter's Landing - North\Construction\Draws\Draw 09\[OLD]\Hunter's Landing North Draw #9 (5-2-25).pdf"
"HLN (Hunter's Landing North)","Draw 09\[OLD]","Arixa Draw 06 Consolidated - HLN.pdf",".pdf","4963.9","2025-05-06 16:19","I:\.shortcut-targets-by-id\1fkt3Xe3wDSNU3-8StUP8qu7ATEJkGMI0\Summa Terra Ventures Company Folder\Projects\Utah\Hunter's Landing - North\Construction\Draws\Draw 09\[OLD]\Arixa Draw 06 Consolidated - HLN.pdf"
"HLN (Hunter's Landing North)","Draw 10","Hunter's Landing North Draw #10 (6-3-25).pdf",".pdf","13953.7","2025-06-09 12:03","I:\.shortcut-targets-by-id\1fkt3Xe3wDSNU3-8StUP8qu7ATEJkGMI0\Summa Terra Ventures Company Folder\Projects\Utah\Hunter's Landing - North\Construction\Draws\Draw 10\Hunter's Landing North Draw #10 (6-3-25).pdf"
"HLN (Hunter's Landing North)","Draw 10","Arixa Draw 07 - Arixa Draw Submission - Hunter's Landing North.xlsx",".xlsx","67.6","2025-06-09 12:56","I:\.shortcut-targets-by-id\1fkt3Xe3wDSNU3-8StUP8qu7ATEJkGMI0\Summa Terra Ventures Company Folder\Projects\Utah\Hunter's Landing - North\Construction\Draws\Draw 10\Arixa Draw 07 - Arixa Draw Submission - Hunter's Landing North.xlsx"
"HLN (Hunter's Landing North)","Draw 10","Arixa Draw 07 CM Fee & Summary - HLN.gdoc",".gdoc","0.2","2025-06-09 14:46","I:\.shortcut-targets-by-id\1fkt3Xe3wDSNU3-8StUP8qu7ATEJkGMI0\Summa Terra Ventures Company Folder\Projects\Utah\Hunter's Landing - North\Construction\Draws\Draw 10\Arixa Draw 07 CM Fee & Summary - HLN.gdoc"
"HLN (Hunter's Landing North)","Draw 10","Arixa Draw 07 Consolidated - HLN (Signed).pdf",".pdf","13892.2","2025-06-09 17:48","I:\.shortcut-targets-by-id\1fkt3Xe3wDSNU3-8StUP8qu7ATEJkGMI0\Summa Terra Ventures Company Folder\Projects\Utah\Hunter's Landing - North\Construction\Draws\Draw 10\Arixa Draw 07 Consolidated - HLN (Signed).pdf"
"HLN (Hunter's Landing North)","Draw 10\Archive","Hunter's Landing North Draw #10 (5-20-25).pdf",".pdf","9667","2025-05-22 10:35","I:\.shortcut-targets-by-id\1fkt3Xe3wDSNU3-8StUP8qu7ATEJkGMI0\Summa Terra Ventures Company Folder\Projects\Utah\Hunter's Landing - North\Construction\Draws\Draw 10\Archive\Hunter's Landing North Draw #10 (5-20-25).pdf"
"HLN (Hunter's Landing North)","Draw 11","Hunters Landing North Draw #11 (7-9-25) (1).pdf",".pdf","29555.8","2025-07-16 17:17","I:\.shortcut-targets-by-id\1fkt3Xe3wDSNU3-8StUP8qu7ATEJkGMI0\Summa Terra Ventures Company Folder\Projects\Utah\Hunter's Landing - North\Construction\Draws\Draw 11\Hunters Landing North Draw #11 (7-9-25) (1).pdf"
"HLN (Hunter's Landing North)","Draw 11","Hunters Landing North Draw #11 (7-9-25).pdf",".pdf","29555.8","2025-07-09 10:38","I:\.shortcut-targets-by-id\1fkt3Xe3wDSNU3-8StUP8qu7ATEJkGMI0\Summa Terra Ventures Company Folder\Projects\Utah\Hunter's Landing - North\Construction\Draws\Draw 11\Hunters Landing North Draw #11 (7-9-25).pdf"
"HLN (Hunter's Landing North)","Draw 11","Arixa Draw 08 CM Fee & Summary - HLN.gdoc",".gdoc","0.2","2025-07-11 14:50","I:\.shortcut-targets-by-id\1fkt3Xe3wDSNU3-8StUP8qu7ATEJkGMI0\Summa Terra Ventures Company Folder\Projects\Utah\Hunter's Landing - North\Construction\Draws\Draw 11\Arixa Draw 08 CM Fee & Summary - HLN.gdoc"
"HLN (Hunter's Landing North)","Draw 11","Arixa Draw 08 Consolidated - HLN (Signed).pdf",".pdf","29559.9","2025-07-11 15:35","I:\.shortcut-targets-by-id\1fkt3Xe3wDSNU3-8StUP8qu7ATEJkGMI0\Summa Terra Ventures Company Folder\Projects\Utah\Hunter's Landing - North\Construction\Draws\Draw 11\Arixa Draw 08 Consolidated - HLN (Signed).pdf"
"HLN (Hunter's Landing North)","Draw 11","Arixa Draw 08 - Arixa Draw Submission - Hunter's Landing North.xlsx",".xlsx","75.5","2025-07-11 16:07","I:\.shortcut-targets-by-id\1fkt3Xe3wDSNU3-8StUP8qu7ATEJkGMI0\Summa Terra Ventures Company Folder\Projects\Utah\Hunter's Landing - North\Construction\Draws\Draw 11\Arixa Draw 08 - Arixa Draw Submission - Hunter's Landing North.xlsx"
"HLN (Hunter's Landing North)","Draw 12","Arixa Draw 09 CM Fee & Summary - HLN.gdoc",".gdoc","0.2","2025-08-15 09:56","I:\.shortcut-targets-by-id\1fkt3Xe3wDSNU3-8StUP8qu7ATEJkGMI0\Summa Terra Ventures Company Folder\Projects\Utah\Hunter's Landing - North\Construction\Draws\Draw 12\Arixa Draw 09 CM Fee & Summary - HLN.gdoc"
"HLN (Hunter's Landing North)","Draw 12","Arixa Draw 09 - Arixa Draw Submission - Hunter's Landing North.xlsx",".xlsx","68.5","2025-08-15 09:58","I:\.shortcut-targets-by-id\1fkt3Xe3wDSNU3-8StUP8qu7ATEJkGMI0\Summa Terra Ventures Company Folder\Projects\Utah\Hunter's Landing - North\Construction\Draws\Draw 12\Arixa Draw 09 - Arixa Draw Submission - Hunter's Landing North.xlsx"
"HLN (Hunter's Landing North)","Draw 12","Hunter's Landing North Draw #12 (8-13-25) ver 2.pdf",".pdf","7556.3","2025-08-15 10:02","I:\.shortcut-targets-by-id\1fkt3Xe3wDSNU3-8StUP8qu7ATEJkGMI0\Summa Terra Ventures Company Folder\Projects\Utah\Hunter's Landing - North\Construction\Draws\Draw 12\Hunter's Landing North Draw #12 (8-13-25) ver 2.pdf"
"HLN (Hunter's Landing North)","Draw 12","Arixa Draw 09 Consolidated - HLN (Signed).pdf",".pdf","7582.7","2025-08-21 15:23","I:\.shortcut-targets-by-id\1fkt3Xe3wDSNU3-8StUP8qu7ATEJkGMI0\Summa Terra Ventures Company Folder\Projects\Utah\Hunter's Landing - North\Construction\Draws\Draw 12\Arixa Draw 09 Consolidated - HLN (Signed).pdf"
"HLN (Hunter's Landing North)","Draw 12\[OLD]","Arixa Draw 09 CM Fee & Summary - HLN.pdf",".pdf","59.9","2025-08-15 09:57","I:\.shortcut-targets-by-id\1fkt3Xe3wDSNU3-8StUP8qu7ATEJkGMI0\Summa Terra Ventures Company Folder\Projects\Utah\Hunter's Landing - North\Construction\Draws\Draw 12\[OLD]\Arixa Draw 09 CM Fee & Summary - HLN.pdf"
"HLN (Hunter's Landing North)","Draw 12\[OLD]","Arixa Draw 09 Consolidated - HLN.pdf",".pdf","7546.8","2025-08-15 10:11","I:\.shortcut-targets-by-id\1fkt3Xe3wDSNU3-8StUP8qu7ATEJkGMI0\Summa Terra Ventures Company Folder\Projects\Utah\Hunter's Landing - North\Construction\Draws\Draw 12\[OLD]\Arixa Draw 09 Consolidated - HLN.pdf"
"HLN (Hunter's Landing North)","Draw 12\[OLD]","Hunter's Landing North Draw #12 (8-5-25).pdf",".pdf","8974.4","2025-08-07 13:11","I:\.shortcut-targets-by-id\1fkt3Xe3wDSNU3-8StUP8qu7ATEJkGMI0\Summa Terra Ventures Company Folder\Projects\Utah\Hunter's Landing - North\Construction\Draws\Draw 12\[OLD]\Hunter's Landing North Draw #12 (8-5-25).pdf"
"HLN (Hunter's Landing North)","Historical Draws","11 - Hunters Landing North Draw #11 (7-9-25) (1).pdf",".pdf","29555.8","2025-07-16 17:17","I:\.shortcut-targets-by-id\1fkt3Xe3wDSNU3-8StUP8qu7ATEJkGMI0\Summa Terra Ventures Company Folder\Projects\Utah\Hunter's Landing - North\Construction\Draws\Historical Draws\11 - Hunters Landing North Draw #11 (7-9-25) (1).pdf"
"HLN (Hunter's Landing North)","Historical Draws","06 - Hunters Landing North Draw #6 (1-24-25).pdf",".pdf","9362.8","2025-01-31 16:20","I:\.shortcut-targets-by-id\1fkt3Xe3wDSNU3-8StUP8qu7ATEJkGMI0\Summa Terra Ventures Company Folder\Projects\Utah\Hunter's Landing - North\Construction\Draws\Historical Draws\06 - Hunters Landing North Draw #6 (1-24-25).pdf"
"HLN (Hunter's Landing North)","Historical Draws","05 - Hunters Landing North Draw #5 (12-17-24).pdf",".pdf","2592.1","2024-12-18 16:47","I:\.shortcut-targets-by-id\1fkt3Xe3wDSNU3-8StUP8qu7ATEJkGMI0\Summa Terra Ventures Company Folder\Projects\Utah\Hunter's Landing - North\Construction\Draws\Historical Draws\05 - Hunters Landing North Draw #5 (12-17-24).pdf"
"HLN (Hunter's Landing North)","Historical Draws","08 - Hunter's Landing North Draw 8 (4-7-25).pdf",".pdf","4820.5","2025-04-08 10:07","I:\.shortcut-targets-by-id\1fkt3Xe3wDSNU3-8StUP8qu7ATEJkGMI0\Summa Terra Ventures Company Folder\Projects\Utah\Hunter's Landing - North\Construction\Draws\Historical Draws\08 - Hunter's Landing North Draw 8 (4-7-25).pdf"
"HLN (Hunter's Landing North)","Historical Draws","07 - Hunter's Landing North Draw 7 (2-27-25).pdf",".pdf","10084.3","2025-02-28 11:05","I:\.shortcut-targets-by-id\1fkt3Xe3wDSNU3-8StUP8qu7ATEJkGMI0\Summa Terra Ventures Company Folder\Projects\Utah\Hunter's Landing - North\Construction\Draws\Historical Draws\07 - Hunter's Landing North Draw 7 (2-27-25).pdf"
"HLN (Hunter's Landing North)","Historical Draws","12 - Hunter's Landing North Draw #12 (8-13-25) ver 2.pdf",".pdf","7556.3","2025-08-15 10:02","I:\.shortcut-targets-by-id\1fkt3Xe3wDSNU3-8StUP8qu7ATEJkGMI0\Summa Terra Ventures Company Folder\Projects\Utah\Hunter's Landing - North\Construction\Draws\Historical Draws\12 - Hunter's Landing North Draw #12 (8-13-25) ver 2.pdf"
"HLN (Hunter's Landing North)","Historical Draws","10 - Hunter's Landing North Draw #10 (6-3-25).pdf",".pdf","13953.7","2025-06-09 12:03","I:\.shortcut-targets-by-id\1fkt3Xe3wDSNU3-8StUP8qu7ATEJkGMI0\Summa Terra Ventures Company Folder\Projects\Utah\Hunter's Landing - North\Construction\Draws\Historical Draws\10 - Hunter's Landing North Draw #10 (6-3-25).pdf"
"HLN (Hunter's Landing North)","Historical Draws","09 - Hunter's Landing North Draw #9 (5-5-25).pdf",".pdf","4958.3","2025-05-06 16:05","I:\.shortcut-targets-by-id\1fkt3Xe3wDSNU3-8StUP8qu7ATEJkGMI0\Summa Terra Ventures Company Folder\Projects\Utah\Hunter's Landing - North\Construction\Draws\Historical Draws\09 - Hunter's Landing North Draw #9 (5-5-25).pdf"
"HLN (Hunter's Landing North)","Historical Draws","04 - Hunter's Landing North - Pay App 4 (11-27).pdf",".pdf","5190.2","2024-11-27 15:05","I:\.shortcut-targets-by-id\1fkt3Xe3wDSNU3-8StUP8qu7ATEJkGMI0\Summa Terra Ventures Company Folder\Projects\Utah\Hunter's Landing - North\Construction\Draws\Historical Draws\04 - Hunter's Landing North - Pay App 4 (11-27).pdf"
"HLN (Hunter's Landing North)","Historical Draws","01 - HLN notarized draw 1.pdf",".pdf","742.1","2024-09-12 12:31","I:\.shortcut-targets-by-id\1fkt3Xe3wDSNU3-8StUP8qu7ATEJkGMI0\Summa Terra Ventures Company Folder\Projects\Utah\Hunter's Landing - North\Construction\Draws\Historical Draws\01 - HLN notarized draw 1.pdf"
"HLN (Hunter's Landing North)","Historical Draws","02 - HLN draw # 2.pdf",".pdf","1505","2024-09-12 12:32","I:\.shortcut-targets-by-id\1fkt3Xe3wDSNU3-8StUP8qu7ATEJkGMI0\Summa Terra Ventures Company Folder\Projects\Utah\Hunter's Landing - North\Construction\Draws\Historical Draws\02 - HLN draw # 2.pdf"
"HLN (Hunter's Landing North)","Historical Draws","03 - 8-28-2024 Executed Draw #3 Hunter's Landing North (version 2).pdf",".pdf","5575.3","2024-09-12 12:33","I:\.shortcut-targets-by-id\1fkt3Xe3wDSNU3-8StUP8qu7ATEJkGMI0\Summa Terra Ventures Company Folder\Projects\Utah\Hunter's Landing - North\Construction\Draws\Historical Draws\03 - 8-28-2024 Executed Draw #3 Hunter's Landing North (version 2).pdf"
"HLN (Hunter's Landing North)","Draw 13","Hunter's Landing North Draw #13 (9-5-25).pdf",".pdf","12137","2025-09-05 16:33","I:\.shortcut-targets-by-id\1fkt3Xe3wDSNU3-8StUP8qu7ATEJkGMI0\Summa Terra Ventures Company Folder\Projects\Utah\Hunter's Landing - North\Construction\Draws\Draw 13\Hunter's Landing North Draw #13 (9-5-25).pdf"
"HLN (Hunter's Landing North)","Draw 13","Hunter's Landing North Draw #13 (9-18-25).pdf",".pdf","12001.3","2025-09-18 16:18","I:\.shortcut-targets-by-id\1fkt3Xe3wDSNU3-8StUP8qu7ATEJkGMI0\Summa Terra Ventures Company Folder\Projects\Utah\Hunter's Landing - North\Construction\Draws\Draw 13\Hunter's Landing North Draw #13 (9-18-25).pdf"
"HLN (Hunter's Landing North)","Draw 13","Arixa Draw 10 - Arixa Draw Submission - Hunter's Landing North.xlsx",".xlsx","68.8","2025-09-22 13:03","I:\.shortcut-targets-by-id\1fkt3Xe3wDSNU3-8StUP8qu7ATEJkGMI0\Summa Terra Ventures Company Folder\Projects\Utah\Hunter's Landing - North\Construction\Draws\Draw 13\Arixa Draw 10 - Arixa Draw Submission - Hunter's Landing North.xlsx"
"HLN (Hunter's Landing North)","Draw 13","Arixa Draw 10 CM Fee & Summary - HLN.gdoc",".gdoc","0.2","2025-09-22 13:06","I:\.shortcut-targets-by-id\1fkt3Xe3wDSNU3-8StUP8qu7ATEJkGMI0\Summa Terra Ventures Company Folder\Projects\Utah\Hunter's Landing - North\Construction\Draws\Draw 13\Arixa Draw 10 CM Fee & Summary - HLN.gdoc"
"HLN (Hunter's Landing North)","Draw 13","Arixa Draw 10 CM Fee & Summary - HLN.pdf",".pdf","59.6","2025-09-22 13:07","I:\.shortcut-targets-by-id\1fkt3Xe3wDSNU3-8StUP8qu7ATEJkGMI0\Summa Terra Ventures Company Folder\Projects\Utah\Hunter's Landing - North\Construction\Draws\Draw 13\Arixa Draw 10 CM Fee & Summary - HLN.pdf"
"HLN (Hunter's Landing North)","Draw 13","Arixa Draw 10 Consolidated - HLN (Signed).pdf",".pdf","11452.9","2025-09-22 13:27","I:\.shortcut-targets-by-id\1fkt3Xe3wDSNU3-8StUP8qu7ATEJkGMI0\Summa Terra Ventures Company Folder\Projects\Utah\Hunter's Landing - North\Construction\Draws\Draw 13\Arixa Draw 10 Consolidated - HLN (Signed).pdf"
"HLN (Hunter's Landing North)","Draw 13","IMG_8146.jpeg",".jpeg","3155.1","2025-09-26 12:24","I:\.shortcut-targets-by-id\1fkt3Xe3wDSNU3-8StUP8qu7ATEJkGMI0\Summa Terra Ventures Company Folder\Projects\Utah\Hunter's Landing - North\Construction\Draws\Draw 13\IMG_8146.jpeg"
"HLN (Hunter's Landing North)","Draw 13","IMG_8147.jpeg",".jpeg","2845.4","2025-09-26 12:24","I:\.shortcut-targets-by-id\1fkt3Xe3wDSNU3-8StUP8qu7ATEJkGMI0\Summa Terra Ventures Company Folder\Projects\Utah\Hunter's Landing - North\Construction\Draws\Draw 13\IMG_8147.jpeg"
"HLN (Hunter's Landing North)","Draw 13","IMG_8148.jpeg",".jpeg","6554.9","2025-09-26 12:24","I:\.shortcut-targets-by-id\1fkt3Xe3wDSNU3-8StUP8qu7ATEJkGMI0\Summa Terra Ventures Company Folder\Projects\Utah\Hunter's Landing - North\Construction\Draws\Draw 13\IMG_8148.jpeg"
"HLN (Hunter's Landing North)","Draw 13","IMG_8149.jpeg",".jpeg","5686.4","2025-09-26 12:24","I:\.shortcut-targets-by-id\1fkt3Xe3wDSNU3-8StUP8qu7ATEJkGMI0\Summa Terra Ventures Company Folder\Projects\Utah\Hunter's Landing - North\Construction\Draws\Draw 13\IMG_8149.jpeg"
"HLN (Hunter's Landing North)","Draw 13","Rich Development Inc, 1263 W 1700 S, Syracuse, UT, 84075.pdf",".pdf","143.7","2025-09-26 12:24","I:\.shortcut-targets-by-id\1fkt3Xe3wDSNU3-8StUP8qu7ATEJkGMI0\Summa Terra Ventures Company Folder\Projects\Utah\Hunter's Landing - North\Construction\Draws\Draw 13\Rich Development Inc, 1263 W 1700 S, Syracuse, UT, 84075.pdf"
"HLN (Hunter's Landing North)","Draw 14","Preview attachment HLN ContingencyHLN ContingencyShared in Drive.url",".url","0.1","2025-10-10 12:28","I:\.shortcut-targets-by-id\1fkt3Xe3wDSNU3-8StUP8qu7ATEJkGMI0\Summa Terra Ventures Company Folder\Projects\Utah\Hunter's Landing - North\Construction\Draws\Draw 14\Preview attachment HLN ContingencyHLN ContingencyShared in Drive.url"
"HLN (Hunter's Landing North)","Draw 14","Arixa Draw 11 - Arixa Draw Submission - Hunter's Landing North.xlsx",".xlsx","69.3","2025-10-27 16:28","I:\.shortcut-targets-by-id\1fkt3Xe3wDSNU3-8StUP8qu7ATEJkGMI0\Summa Terra Ventures Company Folder\Projects\Utah\Hunter's Landing - North\Construction\Draws\Draw 14\Arixa Draw 11 - Arixa Draw Submission - Hunter's Landing North.xlsx"
"HLN (Hunter's Landing North)","Draw 14","Arixa Draw 11 CM Fee & Summary - HLN.gdoc",".gdoc","0.2","2025-10-27 16:29","I:\.shortcut-targets-by-id\1fkt3Xe3wDSNU3-8StUP8qu7ATEJkGMI0\Summa Terra Ventures Company Folder\Projects\Utah\Hunter's Landing - North\Construction\Draws\Draw 14\Arixa Draw 11 CM Fee & Summary - HLN.gdoc"
"HLN (Hunter's Landing North)","Draw 14","Arixa Draw 11 CM Fee & Summary - HLN.pdf",".pdf","59.5","2025-10-27 16:29","I:\.shortcut-targets-by-id\1fkt3Xe3wDSNU3-8StUP8qu7ATEJkGMI0\Summa Terra Ventures Company Folder\Projects\Utah\Hunter's Landing - North\Construction\Draws\Draw 14\Arixa Draw 11 CM Fee & Summary - HLN.pdf"
"HLN (Hunter's Landing North)","Draw 14","Hunters Landing North Draw #14 (10-23-25) V2.pdf",".pdf","14308.2","2025-10-27 16:29","I:\.shortcut-targets-by-id\1fkt3Xe3wDSNU3-8StUP8qu7ATEJkGMI0\Summa Terra Ventures Company Folder\Projects\Utah\Hunter's Landing - North\Construction\Draws\Draw 14\Hunters Landing North Draw #14 (10-23-25) V2.pdf"
"HLN (Hunter's Landing North)","Draw 14","Arixa Draw 11 Consolidated - HLN (Signed).pdf",".pdf","14390.2","2025-10-29 12:30","I:\.shortcut-targets-by-id\1fkt3Xe3wDSNU3-8StUP8qu7ATEJkGMI0\Summa Terra Ventures Company Folder\Projects\Utah\Hunter's Landing - North\Construction\Draws\Draw 14\Arixa Draw 11 Consolidated - HLN (Signed).pdf"
"HLN (Hunter's Landing North)","Draw 14\[OLD]","Arixa Draw 11 Consolidated - HLN.pdf",".pdf","14345.9","2025-10-27 16:32","I:\.shortcut-targets-by-id\1fkt3Xe3wDSNU3-8StUP8qu7ATEJkGMI0\Summa Terra Ventures Company Folder\Projects\Utah\Hunter's Landing - North\Construction\Draws\Draw 14\[OLD]\Arixa Draw 11 Consolidated - HLN.pdf"
"HLN (Hunter's Landing North)","Draw 14\[OLD]","Hunters Landing North Draw #14 (10-8-25).pdf",".pdf","16915.3","2025-10-10 12:28","I:\.shortcut-targets-by-id\1fkt3Xe3wDSNU3-8StUP8qu7ATEJkGMI0\Summa Terra Ventures Company Folder\Projects\Utah\Hunter's Landing - North\Construction\Draws\Draw 14\[OLD]\Hunters Landing North Draw #14 (10-8-25).pdf"
"HLN (Hunter's Landing North)","Draw 15","Hunter's Landing North Draw #15 (11-19-25) V2.pdf",".pdf","19348.4","2025-12-01 14:29","I:\.shortcut-targets-by-id\1fkt3Xe3wDSNU3-8StUP8qu7ATEJkGMI0\Summa Terra Ventures Company Folder\Projects\Utah\Hunter's Landing - North\Construction\Draws\Draw 15\Hunter's Landing North Draw #15 (11-19-25) V2.pdf"
"HLN (Hunter's Landing North)","Draw 15","Arixa Draw 12 CM Fee & Summary - HLN.gdoc",".gdoc","0.2","2025-12-01 14:34","I:\.shortcut-targets-by-id\1fkt3Xe3wDSNU3-8StUP8qu7ATEJkGMI0\Summa Terra Ventures Company Folder\Projects\Utah\Hunter's Landing - North\Construction\Draws\Draw 15\Arixa Draw 12 CM Fee & Summary - HLN.gdoc"
"HLN (Hunter's Landing North)","Draw 15","Arixa Draw 12 Consolidated - HLN (Signed).pdf",".pdf","19261.8","2025-12-01 16:55","I:\.shortcut-targets-by-id\1fkt3Xe3wDSNU3-8StUP8qu7ATEJkGMI0\Summa Terra Ventures Company Folder\Projects\Utah\Hunter's Landing - North\Construction\Draws\Draw 15\Arixa Draw 12 Consolidated - HLN (Signed).pdf"
"HLN (Hunter's Landing North)","Draw 15","Arixa Draw 12 - Arixa Draw Submission - Hunter's Landing North.xlsx",".xlsx","69.4","2025-12-22 10:23","I:\.shortcut-targets-by-id\1fkt3Xe3wDSNU3-8StUP8qu7ATEJkGMI0\Summa Terra Ventures Company Folder\Projects\Utah\Hunter's Landing - North\Construction\Draws\Draw 15\Arixa Draw 12 - Arixa Draw Submission - Hunter's Landing North.xlsx"
"HLN (Hunter's Landing North)","Draw 15","HLN Draw #15 Unconditionals.pdf",".pdf","6806.4","2026-01-07 13:58","I:\.shortcut-targets-by-id\1fkt3Xe3wDSNU3-8StUP8qu7ATEJkGMI0\Summa Terra Ventures Company Folder\Projects\Utah\Hunter's Landing - North\Construction\Draws\Draw 15\HLN Draw #15 Unconditionals.pdf"
"HLN (Hunter's Landing North)","Draw 15\[OLD]","[OLD] Hunter's Landing North Draw #15 (11-5-25).pdf",".pdf","12259.3","2025-11-25 09:52","I:\.shortcut-targets-by-id\1fkt3Xe3wDSNU3-8StUP8qu7ATEJkGMI0\Summa Terra Ventures Company Folder\Projects\Utah\Hunter's Landing - North\Construction\Draws\Draw 15\[OLD]\[OLD] Hunter's Landing North Draw #15 (11-5-25).pdf"
"HLN (Hunter's Landing North)","Draw 15\[OLD]","Hunter's Landing North Draw #15 (11-19-25).pdf",".pdf","12402.4","2025-11-25 09:52","I:\.shortcut-targets-by-id\1fkt3Xe3wDSNU3-8StUP8qu7ATEJkGMI0\Summa Terra Ventures Company Folder\Projects\Utah\Hunter's Landing - North\Construction\Draws\Draw 15\[OLD]\Hunter's Landing North Draw #15 (11-19-25).pdf"
"HLN (Hunter's Landing North)","Draw 16","Hunters Landing North Draw #16 (12-12-25).pdf",".pdf","12687.8","2025-12-15 09:33","I:\.shortcut-targets-by-id\1fkt3Xe3wDSNU3-8StUP8qu7ATEJkGMI0\Summa Terra Ventures Company Folder\Projects\Utah\Hunter's Landing - North\Construction\Draws\Draw 16\Hunters Landing North Draw #16 (12-12-25).pdf"
"HLN (Hunter's Landing North)","Draw 16","Hunters Landing North Draw #16 (12-16-25).pdf",".pdf","12881.3","2025-12-17 11:32","I:\.shortcut-targets-by-id\1fkt3Xe3wDSNU3-8StUP8qu7ATEJkGMI0\Summa Terra Ventures Company Folder\Projects\Utah\Hunter's Landing - North\Construction\Draws\Draw 16\Hunters Landing North Draw #16 (12-16-25).pdf"
"HLN (Hunter's Landing North)","Draw 16","Arixa Draw 13 CM Fee & Summary - HLN.gdoc",".gdoc","0.2","2025-12-19 17:34","I:\.shortcut-targets-by-id\1fkt3Xe3wDSNU3-8StUP8qu7ATEJkGMI0\Summa Terra Ventures Company Folder\Projects\Utah\Hunter's Landing - North\Construction\Draws\Draw 16\Arixa Draw 13 CM Fee & Summary - HLN.gdoc"
"HLN (Hunter's Landing North)","Draw 16","Arixa Draw 13 - Arixa Draw Submission - Hunter's Landing North.xlsx",".xlsx","85","2025-12-22 12:22","I:\.shortcut-targets-by-id\1fkt3Xe3wDSNU3-8StUP8qu7ATEJkGMI0\Summa Terra Ventures Company Folder\Projects\Utah\Hunter's Landing - North\Construction\Draws\Draw 16\Arixa Draw 13 - Arixa Draw Submission - Hunter's Landing North.xlsx"
"HLN (Hunter's Landing North)","Draw 16","Arixa Draw 13 Consolidated - HLN (Signed).pdf",".pdf","12902.6","2025-12-22 12:34","I:\.shortcut-targets-by-id\1fkt3Xe3wDSNU3-8StUP8qu7ATEJkGMI0\Summa Terra Ventures Company Folder\Projects\Utah\Hunter's Landing - North\Construction\Draws\Draw 16\Arixa Draw 13 Consolidated - HLN (Signed).pdf"
"HLN (Hunter's Landing North)","Draw 16","HLN Draw #16 Conditionals.pdf",".pdf","1259.3","2026-01-07 13:58","I:\.shortcut-targets-by-id\1fkt3Xe3wDSNU3-8StUP8qu7ATEJkGMI0\Summa Terra Ventures Company Folder\Projects\Utah\Hunter's Landing - North\Construction\Draws\Draw 16\HLN Draw #16 Conditionals.pdf"
"HLN (Hunter's Landing North)","Draw 20","2026.03.31_Ambient Property Technologies_Invoice-INV39454_19,521.00_HLN.pdf",".pdf","54.2","2026-04-07 13:11","I:\.shortcut-targets-by-id\1fkt3Xe3wDSNU3-8StUP8qu7ATEJkGMI0\Summa Terra Ventures Company Folder\Projects\Utah\Hunter's Landing - North\Construction\Draws\Draw 20\2026.03.31_Ambient Property Technologies_Invoice-INV39454_19,521.00_HLN.pdf"
"HLN (Hunter's Landing North)","Draw 20","Arixa Draw 17 CM Fee & Summary - HLN.gdoc",".gdoc","0.2","2026-05-14 11:49","I:\.shortcut-targets-by-id\1fkt3Xe3wDSNU3-8StUP8qu7ATEJkGMI0\Summa Terra Ventures Company Folder\Projects\Utah\Hunter's Landing - North\Construction\Draws\Draw 20\Arixa Draw 17 CM Fee & Summary - HLN.gdoc"
"HLN (Hunter's Landing North)","Draw 20","Hunters Landing North Draw #19 (4-24-26).pdf",".pdf","10834.1","2026-04-27 09:08","I:\.shortcut-targets-by-id\1fkt3Xe3wDSNU3-8StUP8qu7ATEJkGMI0\Summa Terra Ventures Company Folder\Projects\Utah\Hunter's Landing - North\Construction\Draws\Draw 20\Hunters Landing North Draw #19 (4-24-26).pdf"
"HLN (Hunter's Landing North)","Draw 20","Hunters Landing North Draw #19 (4-29-26).pdf",".pdf","10901.2","2026-04-29 17:23","I:\.shortcut-targets-by-id\1fkt3Xe3wDSNU3-8StUP8qu7ATEJkGMI0\Summa Terra Ventures Company Folder\Projects\Utah\Hunter's Landing - North\Construction\Draws\Draw 20\Hunters Landing North Draw #19 (4-29-26).pdf"
"HLN (Hunter's Landing North)","Draw 20","Hunters Landing North Draw #19 (4-29-26) R1.pdf",".pdf","11797.8","2026-04-30 13:05","I:\.shortcut-targets-by-id\1fkt3Xe3wDSNU3-8StUP8qu7ATEJkGMI0\Summa Terra Ventures Company Folder\Projects\Utah\Hunter's Landing - North\Construction\Draws\Draw 20\Hunters Landing North Draw #19 (4-29-26) R1.pdf"
"HLN (Hunter's Landing North)","Draw 20","INTERNAL - Arixa SOV - 1075 Century Drive - Ready for Draw 20.xlsx",".xlsx","110.3","2026-05-05 12:09","I:\.shortcut-targets-by-id\1fkt3Xe3wDSNU3-8StUP8qu7ATEJkGMI0\Summa Terra Ventures Company Folder\Projects\Utah\Hunter's Landing - North\Construction\Draws\Draw 20\INTERNAL - Arixa SOV - 1075 Century Drive - Ready for Draw 20.xlsx"
"HLN (Hunter's Landing North)","Draw 20","Post Mortum - Arixa SOV - 1075 Century Drive - Ready for Draw 20.xlsx",".xlsx","121.9","2026-06-25 11:53","I:\.shortcut-targets-by-id\1fkt3Xe3wDSNU3-8StUP8qu7ATEJkGMI0\Summa Terra Ventures Company Folder\Projects\Utah\Hunter's Landing - North\Construction\Draws\Draw 20\Post Mortum - Arixa SOV - 1075 Century Drive - Ready for Draw 20.xlsx"
"Makers Line (Cost Seg)","(root)","2023.07.31_Makers Line_152,247.50_12SB.pdf",".pdf","103.7","2025-10-24 10:10","I:\My Drive\ACCOUNTING - PC FILES\SCRAP\2025.10.22 - Cost Segregation Breakdown\Makers Line\2023.07.31_Makers Line_152,247.50_12SB.pdf"
"Makers Line (Cost Seg)","(root)","2023.10.26_Makers Line_782,741.30_12SB.pdf",".pdf","297","2025-10-24 10:09","I:\My Drive\ACCOUNTING - PC FILES\SCRAP\2025.10.22 - Cost Segregation Breakdown\Makers Line\2023.10.26_Makers Line_782,741.30_12SB.pdf"
"Makers Line (Cost Seg)","(root)","2023.02.28_Makers Line_1,098,262.00_12SB.pdf",".pdf","7931.1","2025-10-24 12:15","I:\My Drive\ACCOUNTING - PC FILES\SCRAP\2025.10.22 - Cost Segregation Breakdown\Makers Line\2023.02.28_Makers Line_1,098,262.00_12SB.pdf"
"Makers Line (Cost Seg)","Pay App Support","Hunters Landing DRAW REQUEST 09 (1).pdf",".pdf","82.9","2025-10-24 12:41","I:\My Drive\ACCOUNTING - PC FILES\SCRAP\2025.10.22 - Cost Segregation Breakdown\Makers Line\Pay App Support\Hunters Landing DRAW REQUEST 09 (1).pdf"
"Makers Line (Cost Seg)","Pay App Support","Hunters Landing Pay App 13_152,247.48_03.25.23.pdf",".pdf","7000.9","2025-10-24 12:40","I:\My Drive\ACCOUNTING - PC FILES\SCRAP\2025.10.22 - Cost Segregation Breakdown\Makers Line\Pay App Support\Hunters Landing Pay App 13_152,247.48_03.25.23.pdf"
"Makers Line (Cost Seg)","Pay App Support","Hunters Landing Pay App 12_1,044,398.60_02.25.23.pdf",".pdf","28796.6","2025-10-24 12:40","I:\My Drive\ACCOUNTING - PC FILES\SCRAP\2025.10.22 - Cost Segregation Breakdown\Makers Line\Pay App Support\Hunters Landing Pay App 12_1,044,398.60_02.25.23.pdf"
"Makers Line (Cost Seg)","Pay App Support","Hunter's Landing Pay App #14.pdf",".pdf","1235.8","2025-10-24 12:39","I:\My Drive\ACCOUNTING - PC FILES\SCRAP\2025.10.22 - Cost Segregation Breakdown\Makers Line\Pay App Support\Hunter's Landing Pay App #14.pdf"
"Makers Line (Cost Seg)","Pay App Support","Hunters Landing Pay App_06 $1,456,934.11_08.25.22 R1.pdf",".pdf","27487","2025-10-24 12:43","I:\My Drive\ACCOUNTING - PC FILES\SCRAP\2025.10.22 - Cost Segregation Breakdown\Makers Line\Pay App Support\Hunters Landing Pay App_06 $1,456,934.11_08.25.22 R1.pdf"
"Makers Line (Cost Seg)","Pay App Support","Hunters Landing Pay App_05_$2,132,419.31_7.25.22.pdf",".pdf","22621.3","2025-10-24 12:43","I:\My Drive\ACCOUNTING - PC FILES\SCRAP\2025.10.22 - Cost Segregation Breakdown\Makers Line\Pay App Support\Hunters Landing Pay App_05_$2,132,419.31_7.25.22.pdf"
"Makers Line (Cost Seg)","Pay App Support","Hunters Landing Pay App_04_$1,547,156.56_06.25.22 (1).pdf",".pdf","17978.7","2025-10-24 12:43","I:\My Drive\ACCOUNTING - PC FILES\SCRAP\2025.10.22 - Cost Segregation Breakdown\Makers Line\Pay App Support\Hunters Landing Pay App_04_$1,547,156.56_06.25.22 (1).pdf"
"Makers Line (Cost Seg)","Pay App Support","Hunters Landing Pay App_03_$2,227,640.72_05.25.22 (1).pdf",".pdf","11781.3","2025-10-24 12:43","I:\My Drive\ACCOUNTING - PC FILES\SCRAP\2025.10.22 - Cost Segregation Breakdown\Makers Line\Pay App Support\Hunters Landing Pay App_03_$2,227,640.72_05.25.22 (1).pdf"
"Makers Line (Cost Seg)","Pay App Support","Hunters Landing Pay App_02_$666,379.73_04.25.22 (1).pdf",".pdf","12293.5","2025-10-24 12:43","I:\My Drive\ACCOUNTING - PC FILES\SCRAP\2025.10.22 - Cost Segregation Breakdown\Makers Line\Pay App Support\Hunters Landing Pay App_02_$666,379.73_04.25.22 (1).pdf"
"Makers Line (Cost Seg)","Pay App Support","Hunters Landing Pay App _1_$469,795.50_02.25.22.pdf",".pdf","1753.7","2025-10-24 12:43","I:\My Drive\ACCOUNTING - PC FILES\SCRAP\2025.10.22 - Cost Segregation Breakdown\Makers Line\Pay App Support\Hunters Landing Pay App _1_$469,795.50_02.25.22.pdf"
"Makers Line (Cost Seg)","Pay App Support","Hunters_Landing_Pay_App_08_$741,868.43_10.25.22 (2).pdf",".pdf","27610.8","2025-10-24 12:43","I:\My Drive\ACCOUNTING - PC FILES\SCRAP\2025.10.22 - Cost Segregation Breakdown\Makers Line\Pay App Support\Hunters_Landing_Pay_App_08_$741,868.43_10.25.22 (2).pdf"
"Makers Line (Cost Seg)","Pay App Support","Hunters Landing_Pay App 09_$787,456.65_11.25.22 (2) (2).pdf",".pdf","19066.5","2025-10-24 12:41","I:\My Drive\ACCOUNTING - PC FILES\SCRAP\2025.10.22 - Cost Segregation Breakdown\Makers Line\Pay App Support\Hunters Landing_Pay App 09_$787,456.65_11.25.22 (2) (2).pdf"
"Makers Line (Cost Seg)","Pay App Support","Hunters Landing Pay App_11_$504,387.37_01.25.23.pdf",".pdf","34573.4","2025-10-24 12:40","I:\My Drive\ACCOUNTING - PC FILES\SCRAP\2025.10.22 - Cost Segregation Breakdown\Makers Line\Pay App Support\Hunters Landing Pay App_11_$504,387.37_01.25.23.pdf"
"Makers Line (Cost Seg)","Pay App Support","Hunters Landing Pay App_10_$959,137.51_12.25.22 (1).pdf",".pdf","30848.5","2025-10-24 12:43","I:\My Drive\ACCOUNTING - PC FILES\SCRAP\2025.10.22 - Cost Segregation Breakdown\Makers Line\Pay App Support\Hunters Landing Pay App_10_$959,137.51_12.25.22 (1).pdf"
"Makers Line (Cost Seg)","Pay App Support","Hunters Landing Pay App_07_$937,100.85_09.25.22.pdf",".pdf","22349.8","2025-10-24 12:43","I:\My Drive\ACCOUNTING - PC FILES\SCRAP\2025.10.22 - Cost Segregation Breakdown\Makers Line\Pay App Support\Hunters Landing Pay App_07_$937,100.85_09.25.22.pdf"
