source_file,entity_label,bank_id,account_id,account_type,txn_date,txn_type,amount,name,memo,fitid,is_dup
20251001-20260415_STDG-Checking.qbo,STDG-Checking,[ROUTING-REDACTED],13602212-S0050,CHECKING,2026-03-31,DEBIT,-35.00,Analysis Fee,Analysis Fee,"20260331 7166008 3,500 17,484,052",false
20251001-20260415_STDG-Checking.qbo,STDG-Checking,[ROUTING-REDACTED],13602212-S0050,CHECKING,2026-03-31,CREDIT,2.31,Deposit Transfer,Deposit Transfer,"20260331 7166008 231 17,484,050",false
20251001-20260415_STDG-Checking.qbo,STDG-Checking,[ROUTING-REDACTED],13602212-S0050,CHECKING,2026-03-18,DEBIT,-37098.41,Withdrawal Trans,Withdrawal Trans,"20260318 7166008 3,709,841 5,847,397",false
20251001-20260415_STDG-Checking.qbo,STDG-Checking,[ROUTING-REDACTED],13602212-S0050,CHECKING,2026-03-18,CREDIT,32822.34,Deposit Transfer From STV ENTITL,Deposit Transfer From STV ENTITLEMENT XXXXXXX2215,"20260318 7166008 3,282,234 5,822,494",false
20251001-20260415_STDG-Checking.qbo,STDG-Checking,[ROUTING-REDACTED],13602212-S0050,CHECKING,2026-03-18,CREDIT,1.00,Deposit Transfer From PROVIDENCE,Deposit Transfer From PROVIDENCE PARTN XXXXXXX2206,"20260318 7166008 100 5,764,247",false
20251001-20260415_STDG-Checking.qbo,STDG-Checking,[ROUTING-REDACTED],13602212-S0050,CHECKING,2026-03-18,CREDIT,1.00,Deposit Transfer From AW1 LLC XX,Deposit Transfer From AW1 LLC XXXXXXX2200,"20260318 7166008 100 5,678,165",false
20251001-20260415_STDG-Checking.qbo,STDG-Checking,[ROUTING-REDACTED],13602212-S0050,CHECKING,2026-03-18,CREDIT,1.00,Deposit Transfer From LAZARUS IN,Deposit Transfer From LAZARUS INVESTME XXXXXXX2203,"20260318 7166008 100 5,429,631",false
20251001-20260415_STDG-Checking.qbo,STDG-Checking,[ROUTING-REDACTED],13602212-S0050,CHECKING,2026-03-18,DEBIT,-30.00,Withdrawal,Withdrawal,"20260318 7166008 3,000 5,359,782",false
20251001-20260415_STDG-Checking.qbo,STDG-Checking,[ROUTING-REDACTED],13602212-S0050,CHECKING,2026-03-18,DEBIT,-30.00,Withdrawal,Withdrawal,"20260318 7166008 3,000 5,350,263",false
20251001-20260415_STDG-Checking.qbo,STDG-Checking,[ROUTING-REDACTED],13602212-S0050,CHECKING,2026-03-18,CREDIT,4333.07,Deposit Transfer,Deposit Transfer,"20260318 7166008 433,307 5,317,626",false
20251001-20260415_STDG-Checking.qbo,STDG-Checking,[ROUTING-REDACTED],13602212-S0050,CHECKING,2026-02-28,DEBIT,-35.00,Analysis Fee,Analysis Fee,"20260228 7166008 3,500 16,748,092",false
20251001-20260415_STDG-Checking.qbo,STDG-Checking,[ROUTING-REDACTED],13602212-S0050,CHECKING,2026-02-28,CREDIT,35.00,Deposit Transfer,Deposit Transfer,"20260228 7166008 3,500 16,748,090",false
20251001-20260415_STDG-Checking.qbo,STDG-Checking,[ROUTING-REDACTED],13602212-S0050,CHECKING,2026-01-31,DEBIT,-35.00,Analysis Fee,Analysis Fee,"20260131 7166008 3,500 15,137,701",false
20251001-20260415_STDG-Checking.qbo,STDG-Checking,[ROUTING-REDACTED],13602212-S0050,CHECKING,2026-01-31,CREDIT,35.00,Deposit Transfer,Deposit Transfer,"20260131 7166008 3,500 15,137,700",false
20251001-20260415_STDG-Checking.qbo,STDG-Checking,[ROUTING-REDACTED],13602212-S0050,CHECKING,2025-12-31,DEBIT,-35.00,Analysis Fee,Analysis Fee,"20251231 7166008 3,500 17,538,100",false
20251001-20260415_STDG-Checking.qbo,STDG-Checking,[ROUTING-REDACTED],13602212-S0050,CHECKING,2025-12-31,CREDIT,35.00,Deposit Transfer,Deposit Transfer,"20251231 7166008 3,500 17,538,099",false
20251001-20260415_STDG-Checking.qbo,STDG-Checking,[ROUTING-REDACTED],13602212-S0050,CHECKING,2025-11-30,DEBIT,-35.00,Analysis Fee,Analysis Fee,"20251130 7166008 3,500 14,794,121",false
20251001-20260415_STDG-Checking.qbo,STDG-Checking,[ROUTING-REDACTED],13602212-S0050,CHECKING,2025-11-30,CREDIT,35.00,Deposit Transfer,Deposit Transfer,"20251130 7166008 3,500 14,794,119",false
20251001-20260415_STDG-Checking.qbo,STDG-Checking,[ROUTING-REDACTED],13602212-S0050,CHECKING,2025-10-31,DEBIT,-35.00,Analysis Fee,Analysis Fee,"20251031 7166008 3,500 17,701,843",false
20251001-20260415_STDG-Checking.qbo,STDG-Checking,[ROUTING-REDACTED],13602212-S0050,CHECKING,2025-10-31,CREDIT,35.00,Deposit Transfer,Deposit Transfer,"20251031 7166008 3,500 17,701,842",false
20251001-20260415_STDG-SWEEP.qbo,STDG-SWEEP,[ROUTING-REDACTED],13602212-S0059,CHECKING,2026-03-31,DEBIT,-2.31,Withdrawal Trans,Withdrawal Trans,"20260331 7243093 231 17,484,049",false
20251001-20260415_STDG-SWEEP.qbo,STDG-SWEEP,[ROUTING-REDACTED],13602212-S0059,CHECKING,2026-03-31,CREDIT,2.31,Deposit Dividend Annual Percenta,Deposit Dividend Annual Percentage Yield Earned 115 from,"20260331 7243093 231 16,438,403",false
20251001-20260415_STDG-SWEEP.qbo,STDG-SWEEP,[ROUTING-REDACTED],13602212-S0059,CHECKING,2026-03-18,DEBIT,-4333.07,Withdrawal Trans,Withdrawal Trans,"20260318 7243093 433,307 5,317,625",false
20251001-20260415_STDG-SWEEP.qbo,STDG-SWEEP,[ROUTING-REDACTED],13602212-S0059,CHECKING,2026-02-28,DEBIT,-35.00,Withdrawal Trans,Withdrawal Trans,"20260228 7243093 3,500 16,748,089",false
20251001-20260415_STDG-SWEEP.qbo,STDG-SWEEP,[ROUTING-REDACTED],13602212-S0059,CHECKING,2026-02-28,CREDIT,3.82,Deposit Dividend Annual Percenta,Deposit Dividend Annual Percentage Yield Earned 115 from,"20260228 7243093 382 15,753,514",false
20251001-20260415_STDG-SWEEP.qbo,STDG-SWEEP,[ROUTING-REDACTED],13602212-S0059,CHECKING,2026-01-31,DEBIT,-35.00,Withdrawal Trans,Withdrawal Trans,"20260131 7243093 3,500 15,137,698",false
20251001-20260415_STDG-SWEEP.qbo,STDG-SWEEP,[ROUTING-REDACTED],13602212-S0059,CHECKING,2026-01-31,CREDIT,4.26,Deposit Dividend Annual Percenta,Deposit Dividend Annual Percentage Yield Earned 115 from,"20260131 7243093 426 14,176,026",false
20251001-20260415_STDG-SWEEP.qbo,STDG-SWEEP,[ROUTING-REDACTED],13602212-S0059,CHECKING,2025-12-31,DEBIT,-35.00,Withdrawal Trans,Withdrawal Trans,"20251231 7243093 3,500 17,538,098",false
20251001-20260415_STDG-SWEEP.qbo,STDG-SWEEP,[ROUTING-REDACTED],13602212-S0059,CHECKING,2025-12-31,CREDIT,4.29,Deposit Dividend Annual Percenta,Deposit Dividend Annual Percentage Yield Earned 115 from,"20251231 7243093 429 16,607,151",false
20251001-20260415_STDG-SWEEP.qbo,STDG-SWEEP,[ROUTING-REDACTED],13602212-S0059,CHECKING,2025-11-30,DEBIT,-35.00,Withdrawal Trans,Withdrawal Trans,"20251130 7243093 3,500 14,794,118",false
20251001-20260415_STDG-SWEEP.qbo,STDG-SWEEP,[ROUTING-REDACTED],13602212-S0059,CHECKING,2025-11-30,CREDIT,4.18,Deposit Dividend Annual Percenta,Deposit Dividend Annual Percentage Yield Earned 115 from,"20251130 7243093 418 13,899,856",false
20251001-20260415_STDG-SWEEP.qbo,STDG-SWEEP,[ROUTING-REDACTED],13602212-S0059,CHECKING,2025-10-31,DEBIT,-35.00,Withdrawal Trans,Withdrawal Trans,"20251031 7243093 3,500 17,701,841",false
20251001-20260415_STDG-SWEEP.qbo,STDG-SWEEP,[ROUTING-REDACTED],13602212-S0059,CHECKING,2025-10-31,CREDIT,4.35,Deposit Dividend Annual Percenta,Deposit Dividend Annual Percentage Yield Earned 115 from,"20251031 7243093 435 16,828,824",false
AccountHistory-Madison-Checking_20250506-20250531.qbo,Madison-Checking,[ROUTING-REDACTED],[ACCOUNT-REDACTED],CHECKING,2026-05-11,DEBIT,-23721.22,Ext WD SPANISH FORK CIT  - DEBIT,Ext WD SPANISH FORK CIT - DEBITS,b6fc7309262e3da8ef8bf052322b1ca2cc23a560,false
AccountHistory-Madison-Checking_20250506-20250531.qbo,Madison-Checking,[ROUTING-REDACTED],[ACCOUNT-REDACTED],CHECKING,2026-05-11,DEBIT,-23721.22,Ext WD SPANISH FORK CIT  - DEBIT,Ext WD SPANISH FORK CIT - DEBITS,3439ac9f6be79a9e6aefa1b92f9987e695867680,false
AccountHistory-Madison-Checking_20250506-20250531.qbo,Madison-Checking,[ROUTING-REDACTED],[ACCOUNT-REDACTED],CHECKING,2026-05-11,DEBIT,-23721.22,Ext WD SPANISH FORK CIT  - DEBIT,Ext WD SPANISH FORK CIT - DEBITS,e4b2ce4ccb430b814e350d682c92dc6849a6c696,false
AccountHistory-Madison-Checking_20250506-20250531.qbo,Madison-Checking,[ROUTING-REDACTED],[ACCOUNT-REDACTED],CHECKING,2026-05-11,DEBIT,-23721.22,Ext WD SPANISH FORK CIT  - DEBIT,Ext WD SPANISH FORK CIT - DEBITS,55d26ede77f5f22dba68f58b8cf113bd37298f4d,false
AccountHistory-Madison-Checking_20250506-20250531.qbo,Madison-Checking,[ROUTING-REDACTED],[ACCOUNT-REDACTED],CHECKING,2026-05-11,DEBIT,-23721.22,Ext WD SPANISH FORK CIT  - DEBIT,Ext WD SPANISH FORK CIT - DEBITS,43a3876a110af5d4ce21fce0b2a44cff61037bfe,false
AccountHistory-Madison-Checking_20250506-20250531.qbo,Madison-Checking,[ROUTING-REDACTED],[ACCOUNT-REDACTED],CHECKING,2026-05-11,DEBIT,-23721.22,Ext WD SPANISH FORK CIT  - DEBIT,Ext WD SPANISH FORK CIT - DEBITS,45786d65101fad71814a40d1f0aac3bf0f655941,false
AccountHistory-Madison-Checking_20250506-20250531.qbo,Madison-Checking,[ROUTING-REDACTED],[ACCOUNT-REDACTED],CHECKING,2026-05-11,DEBIT,-23796.22,Ext WD SPANISH FORK CIT  - DEBIT,Ext WD SPANISH FORK CIT - DEBITS,afffb732b4db6d5d268042cef983d1cc6023ab55,false
AccountHistory-Madison-Checking_20250506-20250531.qbo,Madison-Checking,[ROUTING-REDACTED],[ACCOUNT-REDACTED],CHECKING,2026-05-11,DEBIT,-23796.22,Ext WD SPANISH FORK CIT  - DEBIT,Ext WD SPANISH FORK CIT - DEBITS,34ecfccc99f61c8b04cb06a982958df81719cd30,false
AccountHistory-Madison-Checking_20250506-20250531.qbo,Madison-Checking,[ROUTING-REDACTED],[ACCOUNT-REDACTED],CHECKING,2026-05-12,CHECK,-25000.00,Check,,820651836ac9e09c063d7be365146a40bfea798d,false
AccountHistory-Madison-Checking_20250506-20250531.qbo,Madison-Checking,[ROUTING-REDACTED],[ACCOUNT-REDACTED],CHECKING,2026-05-20,DEBIT,-88922.00,Domestic Wire Withdrawal Outgoin,Domestic Wire Withdrawal Outgoing Seq 137608 Jordan Fa,e657b19f1a462b76ce3f8c3072d7c50f8b97570b,false
AccountHistory-Madison-Checking_20250506-20250531.qbo,Madison-Checking,[ROUTING-REDACTED],[ACCOUNT-REDACTED],CHECKING,2026-05-20,DEBIT,-15.00,Domestic Wire Wth Fee Domestic O,Domestic Wire Wth Fee Domestic Outgoing Wire Fee 13760,5a934e8c51927cc577dcfe8b19837a9cbf0cbb62,false
AccountHistory-Madison-Checking_20250506-20250531.qbo,Madison-Checking,[ROUTING-REDACTED],[ACCOUNT-REDACTED],CHECKING,2026-05-28,CHECK,-17462.19,Check,,51bac7f603ae2d035e0d32ea0f00d7b74844d409,false
AccountHistory-Madison-Checking_20250506-20250531.qbo,Madison-Checking,[ROUTING-REDACTED],[ACCOUNT-REDACTED],CHECKING,2026-05-28,CREDIT,464186.31,Domestic Wire Deposit Incoming S,Domestic Wire Deposit Incoming Seq 97962628 ARIXA CAPI,d434df803410501c4d66639a3bc3eccaf4a84297,false
AccountHistory-Madison-Checking_20250506-20250531.qbo,Madison-Checking,[ROUTING-REDACTED],[ACCOUNT-REDACTED],CHECKING,2026-05-28,DEBIT,-10.00,Domestic Wire Deposit Fee Domest,Domestic Wire Deposit Fee Domestic Incoming Wire Fee 9,2bd0956bdb43987eb512ff03a503b8115deeb770,false
AccountHistory-Madison-Checking_20250506-20250531.qbo,Madison-Checking,[ROUTING-REDACTED],[ACCOUNT-REDACTED],CHECKING,2026-05-29,DEBIT,-31338.39,Withdrawal CM Fees for Madison,,32f82d7cdda0df03b81e86a1309854a8d4ac1347,false
AccountHistory.qbo,AccountHistory,[ROUTING-REDACTED],[ACCOUNT-REDACTED],SAVINGS,2026-01-01,CREDIT,1965.22,Dividends,,71a8005555b8ec67c34ea80e7cce84bccfa3c1ef,false
AccountHistory.qbo,AccountHistory,[ROUTING-REDACTED],[ACCOUNT-REDACTED],SAVINGS,2026-01-02,DEBIT,-20000.00,Withdrawal Transfer funds to cov,Withdrawal Transfer funds to cover payments ACH Payrol,425d4eb48efb3aaa7b56dda47058378db7873959,false
AccountHistory.qbo,AccountHistory,[ROUTING-REDACTED],[ACCOUNT-REDACTED],SAVINGS,2026-01-13,DEBIT,-3000.00,Withdrawal Interest payment 12SB,Withdrawal Interest payment 12SB needs to be returned,c17c93bdf6a7c237455755c2dcfbdaabf7bc89aa,false
AccountHistory.qbo,AccountHistory,[ROUTING-REDACTED],[ACCOUNT-REDACTED],SAVINGS,2026-01-15,DEBIT,-15000.00,Withdrawal Cover payroll,,e57e331be3723deff5605002a54482f6f6fe819a,false
AccountHistory.qbo,AccountHistory,[ROUTING-REDACTED],[ACCOUNT-REDACTED],SAVINGS,2026-01-16,DEBIT,-20000.00,Withdrawal Cover bills transferr,Withdrawal Cover bills transferred,27c4369348f286fccde20a3533cb4338d37b5a3a,false
AccountHistory.qbo,AccountHistory,[ROUTING-REDACTED],[ACCOUNT-REDACTED],SAVINGS,2026-01-21,DEBIT,-41220.00,Withdrawal Loan to Lazarus for Q,Withdrawal Loan to Lazarus for Quincy Cash call Jan 26,4b3c14f647b65877255b2feb4262f1c9181889dc,false
AccountHistory.qbo,AccountHistory,[ROUTING-REDACTED],[ACCOUNT-REDACTED],SAVINGS,2026-01-21,DEBIT,-24500.00,Withdrawal Loan to Laz for UNION,Withdrawal Loan to Laz for UNION CASH CALL JAN 26,26cef958ff0140a8f1529ecc3bdcefe5567e9885,false
AccountHistory.qbo,AccountHistory,[ROUTING-REDACTED],[ACCOUNT-REDACTED],SAVINGS,2026-01-30,CREDIT,61887.63,Deposit CM FEES Draw 17,,3d7e2bb663ae8b52eda9ded6125f95c43d411e8b,false
AccountHistory.qbo,AccountHistory,[ROUTING-REDACTED],[ACCOUNT-REDACTED],SAVINGS,2026-01-30,CREDIT,56224.15,Deposit HLN CM FEES draw 15,,8958c492196cb8d2ba08c64c109eb7583a99b4af,false
AccountHistory.qbo,AccountHistory,[ROUTING-REDACTED],[ACCOUNT-REDACTED],SAVINGS,2026-01-31,CREDIT,1629.00,Dividends,,156d4048afedb2bc3e6b6e3ab53226cce991424c,false
AccountHistory.qbo,AccountHistory,[ROUTING-REDACTED],[ACCOUNT-REDACTED],SAVINGS,2026-02-09,CREDIT,48664.91,Deposit Draw 17 Hunters Landing,Deposit Draw 17 Hunters Landing North,e38437ae30ab579910056b3de776e195f74823b3,false
AccountHistory.qbo,AccountHistory,[ROUTING-REDACTED],[ACCOUNT-REDACTED],SAVINGS,2026-02-23,DEBIT,-61887.63,Withdrawal CM FEE Returned into,Withdrawal CM FEE Returned into Summa Elite Error,97afa86f7461033e24623a7a33fcaae455d5d4b7,false
AccountHistory.qbo,AccountHistory,[ROUTING-REDACTED],[ACCOUNT-REDACTED],SAVINGS,2026-02-26,CREDIT,15000.00,Deposit CM Fees owed draw 18,,d6b541dd34a417eb846fded640f9563beba8ccfb,false
AccountHistory.qbo,AccountHistory,[ROUTING-REDACTED],[ACCOUNT-REDACTED],SAVINGS,2026-02-28,CREDIT,1659.90,Dividends,,01bdc91959472a7900ca8f6b46ec195b87baf25f,false
AccountHistory.qbo,AccountHistory,[ROUTING-REDACTED],[ACCOUNT-REDACTED],SAVINGS,2026-03-11,DEBIT,-44866.92,Ext WD IRS  - USATAXPYMT,,9c29acf30eb92c2897f8d21b34a80c89063d13f2,false
AccountHistory.qbo,AccountHistory,[ROUTING-REDACTED],[ACCOUNT-REDACTED],SAVINGS,2026-03-11,DEBIT,-245107.00,Ext WD IRS  - USATAXPYMT,,e32d3af4b796fd3ee701c26ee38cd14633f92506,false
AccountHistory.qbo,AccountHistory,[ROUTING-REDACTED],[ACCOUNT-REDACTED],SAVINGS,2026-03-13,DEBIT,-10759.45,Withdrawal Cash call Vic,,b2edf944e31837b4f4651237878e55347325ae6f,false
AccountHistory.qbo,AccountHistory,[ROUTING-REDACTED],[ACCOUNT-REDACTED],SAVINGS,2026-04-01,CREDIT,1188.05,Dividends,,3380b63d6255a92f5502020be1eab8915ff397ee,false
AccountHistory.qbo,AccountHistory,[ROUTING-REDACTED],[ACCOUNT-REDACTED],SAVINGS,2026-04-03,DEBIT,-77235.50,Withdrawal CASH CALL FOR UNION,,6ae6c25ac2e3fab161c559a610380b4f465abe55,false
AccountHistory.qbo,AccountHistory,[ROUTING-REDACTED],[ACCOUNT-REDACTED],SAVINGS,2026-04-20,DEBIT,-8530.00,Ext WD JZW ARCHITECTS L  - PAYME,Ext WD JZW ARCHITECTS L - PAYMENT 152063116,e0a7404edceb123a1a82af89b9d01eb3b719c455,false
AccountHistory.qbo,AccountHistory,[ROUTING-REDACTED],[ACCOUNT-REDACTED],SAVINGS,2026-04-24,DEBIT,-50000.00,Withdrawal Cover business BILLS,,5068ae15f9f54141c24ca3fbb72b7ac6206ad76e,false
AccountHistory.qbo,AccountHistory,[ROUTING-REDACTED],[ACCOUNT-REDACTED],SAVINGS,2026-05-01,CREDIT,502.00,Dividends,,155b05e12e85728f3fa111503eaea52c207f0e35,false
AccountHistory.qbo,AccountHistory,[ROUTING-REDACTED],[ACCOUNT-REDACTED],SAVINGS,2026-05-04,CREDIT,28475.02,Deposit CM Fee for Madison draw,Deposit CM Fee for Madison draw 3,4e45e6147ac3e666bd67372426fa6fb8bc6b109b,false
AccountHistory.qbo,AccountHistory,[ROUTING-REDACTED],[ACCOUNT-REDACTED],SAVINGS,2026-05-06,DEBIT,-15848.91,Withdrawal Vic cash call,,be94dee5c43d54f2a0cd2c7d7bf6acf08ff6b6f5,false
AccountHistory.qbo,AccountHistory,[ROUTING-REDACTED],[ACCOUNT-REDACTED],SAVINGS,2026-05-06,DEBIT,-200.00,Withdrawal Reimburse for HLE inv,Withdrawal Reimburse for HLE invoice Copperview inv 60,675e0ba599b9dd2ef20f021d6555dce266066d9f,false
AccountHistory.qbo,AccountHistory,[ROUTING-REDACTED],[ACCOUNT-REDACTED],SAVINGS,2026-05-07,DEBIT,-3000.00,Withdrawal,,66104b402c28e50bd33d65b8d52b1bb4f31a6129,false
AccountHistory.qbo,AccountHistory,[ROUTING-REDACTED],[ACCOUNT-REDACTED],SAVINGS,2026-05-08,DEBIT,-30000.00,Withdrawal Transfer to cover fun,Withdrawal Transfer to cover funds,4070b0c00b81e90946c357789315051b5f3aa08b,false
AccountHistory.qbo,AccountHistory,[ROUTING-REDACTED],[ACCOUNT-REDACTED],SAVINGS,2026-05-08,CREDIT,100000.00,Deposit From 12SB to STVE MM acc,Deposit From 12SB to STVE MM account,af0e04eacb3e9dfea9e9de09c6d3ac271a8a1eba,false
AccountHistory.qbo,AccountHistory,[ROUTING-REDACTED],[ACCOUNT-REDACTED],SAVINGS,2026-05-15,DEBIT,-24335.00,Withdrawal Cash calls for Union,Withdrawal Cash calls for Union Freon Lazarus and STV,d3ae0e4b77dda465e0568579846950741971611b,false
AccountHistory.qbo,AccountHistory,[ROUTING-REDACTED],[ACCOUNT-REDACTED],SAVINGS,2026-05-18,DEBIT,-3610.00,Ext WD JZW ARCHITECTS L  - PAYME,Ext WD JZW ARCHITECTS L - PAYMENT 152971385,fc62979bbfbb338c53e237d71fc6c853051e88f6,false
AccountHistory.qbo,AccountHistory,[ROUTING-REDACTED],[ACCOUNT-REDACTED],SAVINGS,2026-05-22,DEBIT,-8530.00,Ext WD JZW ARCHITECTS L  - PAYME,Ext WD JZW ARCHITECTS L - PAYMENT 153097332,d7279e50c081d5c10d2d863f3f4f6572833dd284,false
AccountHistory.qbo,AccountHistory,[ROUTING-REDACTED],[ACCOUNT-REDACTED],SAVINGS,2026-05-31,CREDIT,540.47,Dividends,,c35b88b88b7142e1b50292f01fabe86bc2523dfb,false
AccountHistory.qbo,AccountHistory,[ROUTING-REDACTED],[ACCOUNT-REDACTED],SAVINGS,2026-06-12,DEBIT,-3374.50,Withdrawal Paying Perrys cash ca,Withdrawal Paying Perrys cash call,c447651f583131e746c58e0b7749a30ec9ee6e71,false
AccountHistory.qbo,AccountHistory,[ROUTING-REDACTED],[ACCOUNT-REDACTED],SAVINGS,2026-06-16,DEBIT,-9114.00,Ext WD JZW ARCHITECTS L  - PAYME,Ext WD JZW ARCHITECTS L - PAYMENT 153899914,5c8198cc80033a0dd8863549185d2df03ff69e3b,false
AccountHistory_Ensign_20260101-20260424.qbo,Ensign,[ROUTING-REDACTED],313235881900,CHECKING,2026-01-07,CHECK,-7247.08,Check,,0cc79ad5dee93a16817b448c212aecec1843792c,false
AccountHistory_Ensign_20260101-20260424.qbo,Ensign,[ROUTING-REDACTED],313235881900,CHECKING,2026-01-09,DEBIT,-260.00,Ext WD HUNT HUEY PLLC  - J2762 O,Ext WD HUNT HUEY PLLC - J2762 OOFF TRN*1*CZ10000MLC9ZC,64980c7334842c15ec0be983c113563a65f78f9d,false
AccountHistory_Ensign_20260101-20260424.qbo,Ensign,[ROUTING-REDACTED],313235881900,CHECKING,2026-01-12,DEBIT,-715.00,Ext WD HUNT HUEY PLLC  - J2764 O,Ext WD HUNT HUEY PLLC - J2764 OOFF TRN*1*CZ10000MNARRC,5c7a79476fdf245f258ab2239d27c490d6b85f00,false
AccountHistory_Ensign_20260101-20260424.qbo,Ensign,[ROUTING-REDACTED],313235881900,CHECKING,2026-03-04,DEBIT,-1000.00,Ext WD RICKS AND COMPAN  - RICKS,Ext WD RICKS AND COMPAN - RICKS AND,18f6add078d8014226c42ce1d44e07599a6dd150,false
AccountHistory_Ensign_20260101-20260424.qbo,Ensign,[ROUTING-REDACTED],313235881900,CHECKING,2026-03-06,DEBIT,-715.00,Ext WD HUNT HUEY PLLC  - J2818 O,Ext WD HUNT HUEY PLLC - J2818 OOFF TRN*1*CZ10000PLWC5C,882a61483051a04d72d2268fa648217027d00628,false
AccountHistory_Ensign_20260101-20260424.qbo,Ensign,[ROUTING-REDACTED],313235881900,CHECKING,2026-04-08,CREDIT,422.65,Domestic Wire Deposit Incoming S,Domestic Wire Deposit Incoming Seq 96327440 ENSIGN PAR,68352e8593a5fbfbb9ac7cceddb93cd5b7c18b7d,false
AccountHistory_Ensign_20260101-20260424.qbo,Ensign,[ROUTING-REDACTED],313235881900,CHECKING,2026-04-14,DEBIT,-8000.00,Domestic Wire Withdrawal Outgoin,Domestic Wire Withdrawal Outgoing Seq 135488 Corey Gra,ec580153c317c044686a1f6b40309dfd401f40bb,false
AccountHistory_Ensign_20260101-20260424.qbo,Ensign,[ROUTING-REDACTED],313235881900,CHECKING,2026-04-14,DEBIT,-15.00,Domestic Wire Wth Fee Domestic O,Domestic Wire Wth Fee Domestic Outgoing Wire Fee 13548,0ab00b4b129734fd7cd8f60d85199127b4145275,false
AccountHistory_Ensign_20260101-20260424.qbo,Ensign,[ROUTING-REDACTED],313235881900,CHECKING,2026-04-20,DEBIT,-1690.00,Ext WD HUNT HUEY PLLC  - J2862 O,Ext WD HUNT HUEY PLLC - J2862 OOFF TRN*1*CZ10000R9YXVC,23ce909abd740f23450d19b3370d113f2bfbd7c9,false
AccountHistory_STDG-Checking_20250905-20260414.qbo,STDG-Checking,[ROUTING-REDACTED],313236992930,CHECKING,2025-12-23,DEBIT,-3.16,Ext WD CLAY COUNTY  - SWEB_PYMT,Ext WD CLAY COUNTY - SWEB_PYMT 1156041292,f5c26f493f272d9d9a33b106fe2076dfb529731f,false
AccountHistory_STDG-Checking_20250905-20260414.qbo,STDG-Checking,[ROUTING-REDACTED],313236992930,CHECKING,2026-01-05,CREDIT,562.50,Deposit,,ab9556654a47904a19df49928a35613c78b066ae,false
AccountHistory_STDG-Checking_20250905-20260414.qbo,STDG-Checking,[ROUTING-REDACTED],313236992930,CHECKING,2026-01-07,CREDIT,960.80,Deposit,,232143fd47186c681618af3e35f2b897aecadd4e,false
AccountHistory_STDG-Checking_20250905-20260414.qbo,STDG-Checking,[ROUTING-REDACTED],313236992930,CHECKING,2026-01-07,DEBIT,-960.80,Withdrawal,,697eef17b262f5230ab69e2a0a8c719214329fea,false
AccountHistory_STDG-MACU-20251001-20260420.qbo,STDG-MACU,[ROUTING-REDACTED],13602212-S0050,CHECKING,2026-03-31,DEBIT,-35.00,Analysis Fee,Analysis Fee,"20260331 7166008 3,500 17,484,052",true
AccountHistory_STDG-MACU-20251001-20260420.qbo,STDG-MACU,[ROUTING-REDACTED],13602212-S0050,CHECKING,2026-03-31,CREDIT,2.31,Deposit Transfer,Deposit Transfer,"20260331 7166008 231 17,484,050",true
AccountHistory_STDG-MACU-20251001-20260420.qbo,STDG-MACU,[ROUTING-REDACTED],13602212-S0050,CHECKING,2026-03-18,DEBIT,-37098.41,Withdrawal Trans,Withdrawal Trans,"20260318 7166008 3,709,841 5,847,397",true
AccountHistory_STDG-MACU-20251001-20260420.qbo,STDG-MACU,[ROUTING-REDACTED],13602212-S0050,CHECKING,2026-03-18,CREDIT,32822.34,Deposit Transfer From STV ENTITL,Deposit Transfer From STV ENTITLEMENT XXXXXXX2215,"20260318 7166008 3,282,234 5,822,494",true
AccountHistory_STDG-MACU-20251001-20260420.qbo,STDG-MACU,[ROUTING-REDACTED],13602212-S0050,CHECKING,2026-03-18,CREDIT,1.00,Deposit Transfer From PROVIDENCE,Deposit Transfer From PROVIDENCE PARTN XXXXXXX2206,"20260318 7166008 100 5,764,247",true
AccountHistory_STDG-MACU-20251001-20260420.qbo,STDG-MACU,[ROUTING-REDACTED],13602212-S0050,CHECKING,2026-03-18,CREDIT,1.00,Deposit Transfer From AW1 LLC XX,Deposit Transfer From AW1 LLC XXXXXXX2200,"20260318 7166008 100 5,678,165",true
AccountHistory_STDG-MACU-20251001-20260420.qbo,STDG-MACU,[ROUTING-REDACTED],13602212-S0050,CHECKING,2026-03-18,CREDIT,1.00,Deposit Transfer From LAZARUS IN,Deposit Transfer From LAZARUS INVESTME XXXXXXX2203,"20260318 7166008 100 5,429,631",true
AccountHistory_STDG-MACU-20251001-20260420.qbo,STDG-MACU,[ROUTING-REDACTED],13602212-S0050,CHECKING,2026-03-18,DEBIT,-30.00,Withdrawal,Withdrawal,"20260318 7166008 3,000 5,359,782",true
AccountHistory_STDG-MACU-20251001-20260420.qbo,STDG-MACU,[ROUTING-REDACTED],13602212-S0050,CHECKING,2026-03-18,DEBIT,-30.00,Withdrawal,Withdrawal,"20260318 7166008 3,000 5,350,263",true
AccountHistory_STDG-MACU-20251001-20260420.qbo,STDG-MACU,[ROUTING-REDACTED],13602212-S0050,CHECKING,2026-03-18,CREDIT,4333.07,Deposit Transfer,Deposit Transfer,"20260318 7166008 433,307 5,317,626",true
AccountHistory_STDG-MACU-20251001-20260420.qbo,STDG-MACU,[ROUTING-REDACTED],13602212-S0050,CHECKING,2026-02-28,DEBIT,-35.00,Analysis Fee,Analysis Fee,"20260228 7166008 3,500 16,748,092",true
AccountHistory_STDG-MACU-20251001-20260420.qbo,STDG-MACU,[ROUTING-REDACTED],13602212-S0050,CHECKING,2026-02-28,CREDIT,35.00,Deposit Transfer,Deposit Transfer,"20260228 7166008 3,500 16,748,090",true
AccountHistory_STDG-MACU-20251001-20260420.qbo,STDG-MACU,[ROUTING-REDACTED],13602212-S0050,CHECKING,2026-01-31,DEBIT,-35.00,Analysis Fee,Analysis Fee,"20260131 7166008 3,500 15,137,701",true
AccountHistory_STDG-MACU-20251001-20260420.qbo,STDG-MACU,[ROUTING-REDACTED],13602212-S0050,CHECKING,2026-01-31,CREDIT,35.00,Deposit Transfer,Deposit Transfer,"20260131 7166008 3,500 15,137,700",true
AccountHistory_STDG-MACU-20251001-20260420.qbo,STDG-MACU,[ROUTING-REDACTED],13602212-S0050,CHECKING,2025-12-31,DEBIT,-35.00,Analysis Fee,Analysis Fee,"20251231 7166008 3,500 17,538,100",true
AccountHistory_STDG-MACU-20251001-20260420.qbo,STDG-MACU,[ROUTING-REDACTED],13602212-S0050,CHECKING,2025-12-31,CREDIT,35.00,Deposit Transfer,Deposit Transfer,"20251231 7166008 3,500 17,538,099",true
AccountHistory_STDG-MACU-20251001-20260420.qbo,STDG-MACU,[ROUTING-REDACTED],13602212-S0050,CHECKING,2025-11-30,DEBIT,-35.00,Analysis Fee,Analysis Fee,"20251130 7166008 3,500 14,794,121",true
AccountHistory_STDG-MACU-20251001-20260420.qbo,STDG-MACU,[ROUTING-REDACTED],13602212-S0050,CHECKING,2025-11-30,CREDIT,35.00,Deposit Transfer,Deposit Transfer,"20251130 7166008 3,500 14,794,119",true
AccountHistory_STDG-MACU-20251001-20260420.qbo,STDG-MACU,[ROUTING-REDACTED],13602212-S0050,CHECKING,2025-10-31,DEBIT,-35.00,Analysis Fee,Analysis Fee,"20251031 7166008 3,500 17,701,843",true
AccountHistory_STDG-MACU-20251001-20260420.qbo,STDG-MACU,[ROUTING-REDACTED],13602212-S0050,CHECKING,2025-10-31,CREDIT,35.00,Deposit Transfer,Deposit Transfer,"20251031 7166008 3,500 17,701,842",true
AccountHistory_STDG-MACU-20251001-20260420.qbo,STDG-MACU,[ROUTING-REDACTED],13602212-S0059,CHECKING,2026-03-31,DEBIT,-2.31,Withdrawal Trans,Withdrawal Trans,"20260331 7243093 231 17,484,049",true
AccountHistory_STDG-MACU-20251001-20260420.qbo,STDG-MACU,[ROUTING-REDACTED],13602212-S0059,CHECKING,2026-03-31,CREDIT,2.31,Deposit Dividend Annual Percenta,Deposit Dividend Annual Percentage Yield Earned 115 from,"20260331 7243093 231 16,438,403",true
AccountHistory_STDG-MACU-20251001-20260420.qbo,STDG-MACU,[ROUTING-REDACTED],13602212-S0059,CHECKING,2026-03-18,DEBIT,-4333.07,Withdrawal Trans,Withdrawal Trans,"20260318 7243093 433,307 5,317,625",true
AccountHistory_STDG-MACU-20251001-20260420.qbo,STDG-MACU,[ROUTING-REDACTED],13602212-S0059,CHECKING,2026-02-28,DEBIT,-35.00,Withdrawal Trans,Withdrawal Trans,"20260228 7243093 3,500 16,748,089",true
AccountHistory_STDG-MACU-20251001-20260420.qbo,STDG-MACU,[ROUTING-REDACTED],13602212-S0059,CHECKING,2026-02-28,CREDIT,3.82,Deposit Dividend Annual Percenta,Deposit Dividend Annual Percentage Yield Earned 115 from,"20260228 7243093 382 15,753,514",true
AccountHistory_STDG-MACU-20251001-20260420.qbo,STDG-MACU,[ROUTING-REDACTED],13602212-S0059,CHECKING,2026-01-31,DEBIT,-35.00,Withdrawal Trans,Withdrawal Trans,"20260131 7243093 3,500 15,137,698",true
AccountHistory_STDG-MACU-20251001-20260420.qbo,STDG-MACU,[ROUTING-REDACTED],13602212-S0059,CHECKING,2026-01-31,CREDIT,4.26,Deposit Dividend Annual Percenta,Deposit Dividend Annual Percentage Yield Earned 115 from,"20260131 7243093 426 14,176,026",true
AccountHistory_STDG-MACU-20251001-20260420.qbo,STDG-MACU,[ROUTING-REDACTED],13602212-S0059,CHECKING,2025-12-31,DEBIT,-35.00,Withdrawal Trans,Withdrawal Trans,"20251231 7243093 3,500 17,538,098",true
AccountHistory_STDG-MACU-20251001-20260420.qbo,STDG-MACU,[ROUTING-REDACTED],13602212-S0059,CHECKING,2025-12-31,CREDIT,4.29,Deposit Dividend Annual Percenta,Deposit Dividend Annual Percentage Yield Earned 115 from,"20251231 7243093 429 16,607,151",true
AccountHistory_STDG-MACU-20251001-20260420.qbo,STDG-MACU,[ROUTING-REDACTED],13602212-S0059,CHECKING,2025-11-30,DEBIT,-35.00,Withdrawal Trans,Withdrawal Trans,"20251130 7243093 3,500 14,794,118",true
AccountHistory_STDG-MACU-20251001-20260420.qbo,STDG-MACU,[ROUTING-REDACTED],13602212-S0059,CHECKING,2025-11-30,CREDIT,4.18,Deposit Dividend Annual Percenta,Deposit Dividend Annual Percentage Yield Earned 115 from,"20251130 7243093 418 13,899,856",true
AccountHistory_STDG-MACU-20251001-20260420.qbo,STDG-MACU,[ROUTING-REDACTED],13602212-S0059,CHECKING,2025-10-31,DEBIT,-35.00,Withdrawal Trans,Withdrawal Trans,"20251031 7243093 3,500 17,701,841",true
AccountHistory_STDG-MACU-20251001-20260420.qbo,STDG-MACU,[ROUTING-REDACTED],13602212-S0059,CHECKING,2025-10-31,CREDIT,4.35,Deposit Dividend Annual Percenta,Deposit Dividend Annual Percentage Yield Earned 115 from,"20251031 7243093 435 16,828,824",true
AccountHistory_STDG-MM_20251001-20260414.qbo,STDG-MM,[ROUTING-REDACTED],313239692190,SAVINGS,2025-10-01,CREDIT,1347.23,Dividends,,451ce936745469fd88082f927bb7458ad5dcf310,false
AccountHistory_STDG-MM_20251001-20260414.qbo,STDG-MM,[ROUTING-REDACTED],313239692190,SAVINGS,2025-10-09,CREDIT,203985.00,Deposit Madison,,89b7644e34c50fbb86aceaabe1ab25ee8031a939,false
AccountHistory_STDG-MM_20251001-20260414.qbo,STDG-MM,[ROUTING-REDACTED],313239692190,SAVINGS,2025-11-01,CREDIT,2243.58,Dividends,,09a58008314f4173c44d5e5959938f9040fa557c,false
AccountHistory_STDG-MM_20251001-20260414.qbo,STDG-MM,[ROUTING-REDACTED],313239692190,SAVINGS,2025-11-30,CREDIT,2287.89,Dividends,,5e49c5897b4bab6cb220709e89e2db12333bb839,false
AccountHistory_STDG-MM_20251001-20260414.qbo,STDG-MM,[ROUTING-REDACTED],313239692190,SAVINGS,2026-01-01,CREDIT,2370.75,Dividends,,f7c8fade2fea1b8218fac69300529f284306f364,false
AccountHistory_STDG-MM_20251001-20260414.qbo,STDG-MM,[ROUTING-REDACTED],313239692190,SAVINGS,2026-01-21,DEBIT,-26805.00,Withdrawal Cash Call Quincy Jan,Withdrawal Cash Call Quincy Jan 26,3d38a47e6c33c917e29ecb89a0f349d4f24fbeec,false
AccountHistory_STDG-MM_20251001-20260414.qbo,STDG-MM,[ROUTING-REDACTED],313239692190,SAVINGS,2026-01-31,CREDIT,2320.68,Dividends,,a11b07e082d7b477e3ca98d2678872367b378b46,false
AccountHistory_STDG-MM_20251001-20260414.qbo,STDG-MM,[ROUTING-REDACTED],313239692190,SAVINGS,2026-02-28,CREDIT,2053.64,Dividends,,d6fdc20270226c0cf94bc319af5eeb201aa1355c,false
AccountHistory_STDG-MM_20251001-20260414.qbo,STDG-MM,[ROUTING-REDACTED],313239692190,SAVINGS,2026-04-01,CREDIT,2239.04,Dividends,,cf7078bc17fe894a29471f8564a5ac6f606f8f71,false
AccountHistory_STDG-MM_20251001-20260414.qbo,STDG-MM,[ROUTING-REDACTED],313239692190,SAVINGS,2026-04-03,DEBIT,-197750.00,Withdrawal Cash call for Union,,9a34943a742fb41ae18d936b842bfe13682ae235,false
AccountHistory_STVE-MACU-20251101-20260420.qbo,STVE-MACU,[ROUTING-REDACTED],13602215-S0001,SAVINGS,2026-03-18,DEBIT,-1.00,Withdrawal Trans,Withdrawal Trans,"20260318 7159378 100 5,787,389",false
AccountHistory_STVE-MACU-20251101-20260420.qbo,STVE-MACU,[ROUTING-REDACTED],13602215-S0059,CHECKING,2026-03-31,DEBIT,-18.81,Withdrawal Trans,Withdrawal Trans,"20260331 7243090 1,881 17,484,051",false
AccountHistory_STVE-MACU-20251101-20260420.qbo,STVE-MACU,[ROUTING-REDACTED],13602215-S0059,CHECKING,2026-03-31,CREDIT,18.81,Deposit Dividend Annual Percenta,Deposit Dividend Annual Percentage Yield Earned 115 from,"20260331 7243090 1,881 16,438,395",false
AccountHistory_STVE-MACU-20251101-20260420.qbo,STVE-MACU,[ROUTING-REDACTED],13602215-S0059,CHECKING,2026-03-18,DEBIT,-32841.91,Withdrawal Trans,Withdrawal Trans,"20260318 7243090 3,284,191 5,323,194",false
AccountHistory_STVE-MACU-20251101-20260420.qbo,STVE-MACU,[ROUTING-REDACTED],13602215-S0059,CHECKING,2026-03-17,DEBIT,-99.90,Withdrawal Trans,Withdrawal Trans,"20260317 7243090 9,990 6,679,621",false
AccountHistory_STVE-MACU-20251101-20260420.qbo,STVE-MACU,[ROUTING-REDACTED],13602215-S0059,CHECKING,2026-03-15,DEBIT,-1399.91,Withdrawal Trans,Withdrawal Trans,"20260315 7243090 139,991 6,059,998",false
AccountHistory_STVE-MACU-20251101-20260420.qbo,STVE-MACU,[ROUTING-REDACTED],13602215-S0059,CHECKING,2026-03-15,DEBIT,-244.99,Withdrawal Trans,Withdrawal Trans,"20260315 7243090 24,499 4,513,826",false
AccountHistory_STVE-MACU-20251101-20260420.qbo,STVE-MACU,[ROUTING-REDACTED],13602215-S0059,CHECKING,2026-03-13,DEBIT,-37.62,Withdrawal Trans,Withdrawal Trans,"20260313 7243090 3,762 9,269,955",false
AccountHistory_STVE-MACU-20251101-20260420.qbo,STVE-MACU,[ROUTING-REDACTED],13602215-S0059,CHECKING,2026-03-12,DEBIT,-145.19,Withdrawal Trans,Withdrawal Trans,"20260312 7243090 14,519 4,229,428",false
AccountHistory_STVE-MACU-20251101-20260420.qbo,STVE-MACU,[ROUTING-REDACTED],13602215-S0059,CHECKING,2026-03-10,DEBIT,-563.04,Withdrawal Trans,Withdrawal Trans,"20260310 7243090 56,304 6,473,164",false
AccountHistory_STVE-MACU-20251101-20260420.qbo,STVE-MACU,[ROUTING-REDACTED],13602215-S0059,CHECKING,2026-03-08,DEBIT,-1234.60,Withdrawal Trans,Withdrawal Trans,"20260308 7243090 123,460 5,362,177",false
AccountHistory_STVE-MACU-20251101-20260420.qbo,STVE-MACU,[ROUTING-REDACTED],13602215-S0059,CHECKING,2026-03-07,DEBIT,-142.95,Withdrawal Trans,Withdrawal Trans,"20260307 7243090 14,295 5,457,749",false
AccountHistory_STVE-MACU-20251101-20260420.qbo,STVE-MACU,[ROUTING-REDACTED],13602215-S0059,CHECKING,2026-03-07,DEBIT,-195.33,Withdrawal Trans,Withdrawal Trans,"20260307 7243090 19,533 2,878,396",false
AccountHistory_STVE-MACU-20251101-20260420.qbo,STVE-MACU,[ROUTING-REDACTED],13602215-S0059,CHECKING,2026-03-04,DEBIT,-8.35,Withdrawal Trans,Withdrawal Trans,"20260304 7243090 835 3,115,866",false
AccountHistory_STVE-MACU-20251101-20260420.qbo,STVE-MACU,[ROUTING-REDACTED],13602215-S0059,CHECKING,2026-03-03,DEBIT,-37.62,Withdrawal Trans,Withdrawal Trans,"20260303 7243090 3,762 1,704,144",false
AccountHistory_STVE-MACU-20251101-20260420.qbo,STVE-MACU,[ROUTING-REDACTED],13602215-S0059,CHECKING,2026-03-02,DEBIT,-1182.65,Withdrawal Trans,Withdrawal Trans,"20260302 7243090 118,265 4,428,526",false
AccountHistory_STVE-MACU-20251101-20260420.qbo,STVE-MACU,[ROUTING-REDACTED],13602215-S0059,CHECKING,2026-03-01,DEBIT,-27.34,Withdrawal Trans,Withdrawal Trans,"20260301 7243090 2,734 8,154,421",false
AccountHistory_STVE-MACU-20251101-20260420.qbo,STVE-MACU,[ROUTING-REDACTED],13602215-S0059,CHECKING,2026-03-01,DEBIT,-505.44,Withdrawal Trans,Withdrawal Trans,"20260301 7243090 50,544 3,523,353",false
AccountHistory_STVE-MACU-20251101-20260420.qbo,STVE-MACU,[ROUTING-REDACTED],13602215-S0059,CHECKING,2026-02-28,DEBIT,-55.00,Withdrawal Trans,Withdrawal Trans,"20260228 7243090 5,500 16,748,093",false
AccountHistory_STVE-MACU-20251101-20260420.qbo,STVE-MACU,[ROUTING-REDACTED],13602215-S0059,CHECKING,2026-02-28,CREDIT,34.32,Deposit Dividend Annual Percenta,Deposit Dividend Annual Percentage Yield Earned 115 from,"20260228 7243090 3,432 15,753,522",false
AccountHistory_STVE-MACU-20251101-20260420.qbo,STVE-MACU,[ROUTING-REDACTED],13602215-S0059,CHECKING,2026-02-28,DEBIT,-126.37,Withdrawal Trans,Withdrawal Trans,"20260228 7243090 12,637 1,191,445",false
AccountHistory_STVE-MACU-20251101-20260420.qbo,STVE-MACU,[ROUTING-REDACTED],13602215-S0059,CHECKING,2026-02-27,DEBIT,-162.38,Withdrawal Trans,Withdrawal Trans,"20260227 7243090 16,238 1,509,035",false
AccountHistory_STVE-MACU-20251101-20260420.qbo,STVE-MACU,[ROUTING-REDACTED],13602215-S0059,CHECKING,2026-02-25,DEBIT,-33.16,Withdrawal Trans,Withdrawal Trans,"20260225 7243090 3,316 6,899,073",false
AccountHistory_STVE-MACU-20251101-20260420.qbo,STVE-MACU,[ROUTING-REDACTED],13602215-S0059,CHECKING,2026-02-25,DEBIT,-118.20,Withdrawal Trans,Withdrawal Trans,"20260225 7243090 11,820 813,269",false
AccountHistory_STVE-MACU-20251101-20260420.qbo,STVE-MACU,[ROUTING-REDACTED],13602215-S0059,CHECKING,2026-02-24,DEBIT,-21.48,Withdrawal Trans,Withdrawal Trans,"20260224 7243090 2,148 5,920,692",false
AccountHistory_STVE-MACU-20251101-20260420.qbo,STVE-MACU,[ROUTING-REDACTED],13602215-S0059,CHECKING,2026-02-22,DEBIT,-8.59,Withdrawal Trans,Withdrawal Trans,"20260222 7243090 859 4,149,711",false
AccountHistory_STVE-MACU-20251101-20260420.qbo,STVE-MACU,[ROUTING-REDACTED],13602215-S0059,CHECKING,2026-02-21,DEBIT,-10.72,Withdrawal Trans,Withdrawal Trans,"20260221 7243090 1,072 6,508,591",false
AccountHistory_STVE-MACU-20251101-20260420.qbo,STVE-MACU,[ROUTING-REDACTED],13602215-S0059,CHECKING,2026-02-21,DEBIT,-70.76,Withdrawal Trans,Withdrawal Trans,"20260221 7243090 7,076 4,542,365",false
AccountHistory_STVE-MACU-20251101-20260420.qbo,STVE-MACU,[ROUTING-REDACTED],13602215-S0059,CHECKING,2026-02-19,DEBIT,-139.32,Withdrawal Trans,Withdrawal Trans,"20260219 7243090 13,932 4,809,572",false
AccountHistory_STVE-MACU-20251101-20260420.qbo,STVE-MACU,[ROUTING-REDACTED],13602215-S0059,CHECKING,2026-02-18,DEBIT,-300.86,Withdrawal Trans,Withdrawal Trans,"20260218 7243090 30,086 5,528,115",false
AccountHistory_STVE-MACU-20251101-20260420.qbo,STVE-MACU,[ROUTING-REDACTED],13602215-S0059,CHECKING,2026-02-17,DEBIT,-37.62,Withdrawal Trans,Withdrawal Trans,"20260217 7243090 3,762 9,291,006",false
AccountHistory_STVE-MACU-20251101-20260420.qbo,STVE-MACU,[ROUTING-REDACTED],13602215-S0059,CHECKING,2026-02-15,DEBIT,-16.11,Withdrawal Trans,Withdrawal Trans,"20260215 7243090 1,611 5,922,533",false
AccountHistory_STVE-MACU-20251101-20260420.qbo,STVE-MACU,[ROUTING-REDACTED],13602215-S0059,CHECKING,2026-02-15,DEBIT,-244.99,Withdrawal Trans,Withdrawal Trans,"20260215 7243090 24,499 4,583,547",false
AccountHistory_STVE-MACU-20251101-20260420.qbo,STVE-MACU,[ROUTING-REDACTED],13602215-S0059,CHECKING,2026-02-12,CREDIT,1204.81,Deposit Transfer,Deposit Transfer,"20260212 7243090 120,481 9,302,237",false
AccountHistory_STVE-MACU-20251101-20260420.qbo,STVE-MACU,[ROUTING-REDACTED],13602215-S0059,CHECKING,2026-02-11,DEBIT,-133.97,Withdrawal Trans,Withdrawal Trans,"20260211 7243090 13,397 5,233,408",false
AccountHistory_STVE-MACU-20251101-20260420.qbo,STVE-MACU,[ROUTING-REDACTED],13602215-S0059,CHECKING,2026-02-10,DEBIT,-21.49,Withdrawal Trans,Withdrawal Trans,"20260210 7243090 2,149 5,615,080",false
AccountHistory_STVE-MACU-20251101-20260420.qbo,STVE-MACU,[ROUTING-REDACTED],13602215-S0059,CHECKING,2026-02-06,DEBIT,-45.12,Withdrawal Trans,Withdrawal Trans,"20260206 7243090 4,512 9,603,880",false
AccountHistory_STVE-MACU-20251101-20260420.qbo,STVE-MACU,[ROUTING-REDACTED],13602215-S0059,CHECKING,2026-02-06,DEBIT,-226.48,Withdrawal Trans,Withdrawal Trans,"20260206 7243090 22,648 4,241,939",false
AccountHistory_STVE-MACU-20251101-20260420.qbo,STVE-MACU,[ROUTING-REDACTED],13602215-S0059,CHECKING,2026-02-05,CREDIT,151.48,Deposit Transfer,Deposit Transfer,"20260205 7243090 15,148 9,578,731",false
AccountHistory_STVE-MACU-20251101-20260420.qbo,STVE-MACU,[ROUTING-REDACTED],13602215-S0059,CHECKING,2026-02-04,DEBIT,-180.30,Withdrawal Trans,Withdrawal Trans,"20260204 7243090 18,030 8,331,164",false
AccountHistory_STVE-MACU-20251101-20260420.qbo,STVE-MACU,[ROUTING-REDACTED],13602215-S0059,CHECKING,2026-02-04,DEBIT,-69.94,Withdrawal Trans,Withdrawal Trans,"20260204 7243090 6,994 5,645,416",false
AccountHistory_STVE-MACU-20251101-20260420.qbo,STVE-MACU,[ROUTING-REDACTED],13602215-S0059,CHECKING,2026-02-04,DEBIT,-8.20,Withdrawal Trans,Withdrawal Trans,"20260204 7243090 820 2,949,167",false
AccountHistory_STVE-MACU-20251101-20260420.qbo,STVE-MACU,[ROUTING-REDACTED],13602215-S0059,CHECKING,2026-02-02,DEBIT,-55.00,Withdrawal Trans,Withdrawal Trans,"20260202 7243090 5,500 3,834,013",false
AccountHistory_STVE-MACU-20251101-20260420.qbo,STVE-MACU,[ROUTING-REDACTED],13602215-S0059,CHECKING,2026-02-01,DEBIT,-505.44,Withdrawal Trans,Withdrawal Trans,"20260201 7243090 50,544 3,974,503",false
AccountHistory_STVE-MACU-20251101-20260420.qbo,STVE-MACU,[ROUTING-REDACTED],13602215-S0059,CHECKING,2026-02-01,DEBIT,-85.10,Withdrawal Trans,Withdrawal Trans,"20260201 7243090 8,510 3,973,236",false
AccountHistory_STVE-MACU-20251101-20260420.qbo,STVE-MACU,[ROUTING-REDACTED],13602215-S0059,CHECKING,2026-01-31,DEBIT,-1121.42,Withdrawal Trans,Withdrawal Trans,"20260131 7243090 112,142 15,137,699",false
AccountHistory_STVE-MACU-20251101-20260420.qbo,STVE-MACU,[ROUTING-REDACTED],13602215-S0059,CHECKING,2026-01-31,CREDIT,40.36,Deposit Dividend Annual Percenta,Deposit Dividend Annual Percentage Yield Earned 115 from,"20260131 7243090 4,036 14,176,036",false
AccountHistory_STVE-MACU-20251101-20260420.qbo,STVE-MACU,[ROUTING-REDACTED],13602215-S0059,CHECKING,2026-01-29,DEBIT,-70.01,Withdrawal Trans,Withdrawal Trans,"20260129 7243090 7,001 7,880,886",false
AccountHistory_STVE-MACU-20251101-20260420.qbo,STVE-MACU,[ROUTING-REDACTED],13602215-S0059,CHECKING,2026-01-28,DEBIT,-57.99,Withdrawal Trans,Withdrawal Trans,"20260128 7243090 5,799 2,731,992",false
AccountHistory_STVE-MACU-20251101-20260420.qbo,STVE-MACU,[ROUTING-REDACTED],13602215-S0059,CHECKING,2026-01-27,DEBIT,-5.00,Withdrawal Trans,Withdrawal Trans,"20260127 7243090 500 1,385,645",false
AccountHistory_STVE-MACU-20251101-20260420.qbo,STVE-MACU,[ROUTING-REDACTED],13602215-S0059,CHECKING,2026-01-26,DEBIT,-37.32,Withdrawal Trans,Withdrawal Trans,"20260126 7243090 3,732 6,984,582",false
AccountHistory_STVE-MACU-20251101-20260420.qbo,STVE-MACU,[ROUTING-REDACTED],13602215-S0059,CHECKING,2026-01-26,DEBIT,-162.38,Withdrawal Trans,Withdrawal Trans,"20260126 7243090 16,238 926,911",false
AccountHistory_STVE-MACU-20251101-20260420.qbo,STVE-MACU,[ROUTING-REDACTED],13602215-S0059,CHECKING,2026-01-25,DEBIT,-118.20,Withdrawal Trans,Withdrawal Trans,"20260125 7243090 11,820 482,228",false
AccountHistory_STVE-MACU-20251101-20260420.qbo,STVE-MACU,[ROUTING-REDACTED],13602215-S0059,CHECKING,2026-01-24,DEBIT,-21.48,Withdrawal Trans,Withdrawal Trans,"20260124 7243090 2,148 3,269,755",false
AccountHistory_STVE-MACU-20251101-20260420.qbo,STVE-MACU,[ROUTING-REDACTED],13602215-S0059,CHECKING,2026-01-22,DEBIT,-5.36,Withdrawal Trans,Withdrawal Trans,"20260122 7243090 536 6,527,133",false
AccountHistory_STVE-MACU-20251101-20260420.qbo,STVE-MACU,[ROUTING-REDACTED],13602215-S0059,CHECKING,2026-01-21,DEBIT,-10.72,Withdrawal Trans,Withdrawal Trans,"20260121 7243090 1,072 8,863,336",false
AccountHistory_STVE-MACU-20251101-20260420.qbo,STVE-MACU,[ROUTING-REDACTED],13602215-S0059,CHECKING,2026-01-16,DEBIT,-90.37,Withdrawal Trans,Withdrawal Trans,"20260116 7243090 9,037 7,484,157",false
AccountHistory_STVE-MACU-20251101-20260420.qbo,STVE-MACU,[ROUTING-REDACTED],13602215-S0059,CHECKING,2026-01-15,DEBIT,-261.10,Withdrawal Trans,Withdrawal Trans,"20260115 7243090 26,110 6,739,895",false
AccountHistory_STVE-MACU-20251101-20260420.qbo,STVE-MACU,[ROUTING-REDACTED],13602215-S0059,CHECKING,2026-01-12,DEBIT,-145.21,Withdrawal Trans,Withdrawal Trans,"20260112 7243090 14,521 3,991,846",false
AccountHistory_STVE-MACU-20251101-20260420.qbo,STVE-MACU,[ROUTING-REDACTED],13602215-S0059,CHECKING,2026-01-10,DEBIT,-21.49,Withdrawal Trans,Withdrawal Trans,"20260110 7243090 2,149 4,144,913",false
AccountHistory_STVE-MACU-20251101-20260420.qbo,STVE-MACU,[ROUTING-REDACTED],13602215-S0059,CHECKING,2026-01-07,DEBIT,-62.93,Withdrawal Trans,Withdrawal Trans,"20260107 7243090 6,293 4,498,338",false
AccountHistory_STVE-MACU-20251101-20260420.qbo,STVE-MACU,[ROUTING-REDACTED],13602215-S0059,CHECKING,2026-01-06,DEBIT,-108.49,Withdrawal Trans,Withdrawal Trans,"20260106 7243090 10,849 3,202,908",false
AccountHistory_STVE-MACU-20251101-20260420.qbo,STVE-MACU,[ROUTING-REDACTED],13602215-S0059,CHECKING,2026-01-02,DEBIT,-80.34,Withdrawal Trans,Withdrawal Trans,"20260102 7243090 8,034 3,575,808",false
AccountHistory_STVE-MACU-20251101-20260420.qbo,STVE-MACU,[ROUTING-REDACTED],13602215-S0059,CHECKING,2026-01-01,CREDIT,31.50,Deposit Transfer,Deposit Transfer,"20260101 7243090 3,150 11,040,199",false
AccountHistory_STVE-MACU-20251101-20260420.qbo,STVE-MACU,[ROUTING-REDACTED],13602215-S0059,CHECKING,2026-01-01,DEBIT,-85.10,Withdrawal Trans,Withdrawal Trans,"20260101 7243090 8,510 5,390,414",false
AccountHistory_STVE-MACU-20251101-20260420.qbo,STVE-MACU,[ROUTING-REDACTED],13602215-S0059,CHECKING,2026-01-01,DEBIT,-505.44,Withdrawal Trans,Withdrawal Trans,"20260101 7243090 50,544 5,361,330",false
AccountHistory_STVE-MACU-20251101-20260420.qbo,STVE-MACU,[ROUTING-REDACTED],13602215-S0059,CHECKING,2025-12-31,DEBIT,-74.31,Withdrawal Trans,Withdrawal Trans,"20251231 7243090 7,431 17,538,101",false
AccountHistory_STVE-MACU-20251101-20260420.qbo,STVE-MACU,[ROUTING-REDACTED],13602215-S0059,CHECKING,2025-12-31,CREDIT,43.60,Deposit Dividend Annual Percenta,Deposit Dividend Annual Percentage Yield Earned 115 from,"20251231 7243090 4,360 16,607,155",false
AccountHistory_STVE-MACU-20251101-20260420.qbo,STVE-MACU,[ROUTING-REDACTED],13602215-S0059,CHECKING,2025-12-30,DEBIT,-68.38,Withdrawal Trans,Withdrawal Trans,"20251230 7243090 6,838 8,483,013",false
AccountHistory_STVE-MACU-20251101-20260420.qbo,STVE-MACU,[ROUTING-REDACTED],13602215-S0059,CHECKING,2025-12-29,DEBIT,-1145.57,Withdrawal Trans,Withdrawal Trans,"20251229 7243090 114,557 5,503,722",false
AccountHistory_STVE-MACU-20251101-20260420.qbo,STVE-MACU,[ROUTING-REDACTED],13602215-S0059,CHECKING,2025-12-28,DEBIT,-93.57,Withdrawal Trans,Withdrawal Trans,"20251228 7243090 9,357 3,789,135",false
AccountHistory_STVE-MACU-20251101-20260420.qbo,STVE-MACU,[ROUTING-REDACTED],13602215-S0059,CHECKING,2025-12-28,DEBIT,-31.50,Withdrawal Trans,Withdrawal Trans,"20251228 7243090 3,150 2,405,077",false
AccountHistory_STVE-MACU-20251101-20260420.qbo,STVE-MACU,[ROUTING-REDACTED],13602215-S0059,CHECKING,2025-12-26,DEBIT,-91.45,Withdrawal Trans,Withdrawal Trans,"20251226 7243090 9,145 3,801,940",false
AccountHistory_STVE-MACU-20251101-20260420.qbo,STVE-MACU,[ROUTING-REDACTED],13602215-S0059,CHECKING,2025-12-25,DEBIT,-177.67,Withdrawal Trans,Withdrawal Trans,"20251225 7243090 17,767 4,529,328",false
AccountHistory_STVE-MACU-20251101-20260420.qbo,STVE-MACU,[ROUTING-REDACTED],13602215-S0059,CHECKING,2025-12-25,DEBIT,-118.20,Withdrawal Trans,Withdrawal Trans,"20251225 7243090 11,820 468,371",false
AccountHistory_STVE-MACU-20251101-20260420.qbo,STVE-MACU,[ROUTING-REDACTED],13602215-S0059,CHECKING,2025-12-24,DEBIT,-21.48,Withdrawal Trans,Withdrawal Trans,"20251224 7243090 2,148 5,380,010",false
AccountHistory_STVE-MACU-20251101-20260420.qbo,STVE-MACU,[ROUTING-REDACTED],13602215-S0059,CHECKING,2025-12-24,DEBIT,-83.04,Withdrawal Trans,Withdrawal Trans,"20251224 7243090 8,304 1,650,832",false
AccountHistory_STVE-MACU-20251101-20260420.qbo,STVE-MACU,[ROUTING-REDACTED],13602215-S0059,CHECKING,2025-12-23,DEBIT,-183.56,Withdrawal Trans,Withdrawal Trans,"20251223 7243090 18,356 8,798,007",false
AccountHistory_STVE-MACU-20251101-20260420.qbo,STVE-MACU,[ROUTING-REDACTED],13602215-S0059,CHECKING,2025-12-23,DEBIT,-71.57,Withdrawal Trans,Withdrawal Trans,"20251223 7243090 7,157 478,968",false
AccountHistory_STVE-MACU-20251101-20260420.qbo,STVE-MACU,[ROUTING-REDACTED],13602215-S0059,CHECKING,2025-12-22,CREDIT,94.38,Deposit Transfer,Deposit Transfer,"20251222 7243090 9,438 9,504,676",false
AccountHistory_STVE-MACU-20251101-20260420.qbo,STVE-MACU,[ROUTING-REDACTED],13602215-S0059,CHECKING,2025-12-21,CREDIT,57.66,Deposit Transfer,Deposit Transfer,"20251221 7243090 5,766 9,321,431",false
AccountHistory_STVE-MACU-20251101-20260420.qbo,STVE-MACU,[ROUTING-REDACTED],13602215-S0059,CHECKING,2025-12-19,DEBIT,-286.17,Withdrawal Trans,Withdrawal Trans,"20251219 7243090 28,617 1,657,488",false
AccountHistory_STVE-MACU-20251101-20260420.qbo,STVE-MACU,[ROUTING-REDACTED],13602215-S0059,CHECKING,2025-12-18,DEBIT,-65.66,Withdrawal Trans,Withdrawal Trans,"20251218 7243090 6,566 4,186,666",false
AccountHistory_STVE-MACU-20251101-20260420.qbo,STVE-MACU,[ROUTING-REDACTED],13602215-S0059,CHECKING,2025-12-17,DEBIT,-117.73,Withdrawal Trans,Withdrawal Trans,"20251217 7243090 11,773 7,037,520",false
AccountHistory_STVE-MACU-20251101-20260420.qbo,STVE-MACU,[ROUTING-REDACTED],13602215-S0059,CHECKING,2025-12-15,DEBIT,-261.10,Withdrawal Trans,Withdrawal Trans,"20251215 7243090 26,110 7,229,168",false
AccountHistory_STVE-MACU-20251101-20260420.qbo,STVE-MACU,[ROUTING-REDACTED],13602215-S0059,CHECKING,2025-12-12,DEBIT,-145.21,Withdrawal Trans,Withdrawal Trans,"20251212 7243090 14,521 4,593,624",false
AccountHistory_STVE-MACU-20251101-20260420.qbo,STVE-MACU,[ROUTING-REDACTED],13602215-S0059,CHECKING,2025-12-11,CREDIT,199.73,Deposit Transfer,Deposit Transfer,"20251211 7243090 19,973 9,271,254",false
AccountHistory_STVE-MACU-20251101-20260420.qbo,STVE-MACU,[ROUTING-REDACTED],13602215-S0059,CHECKING,2025-12-10,DEBIT,-21.49,Withdrawal Trans,Withdrawal Trans,"20251210 7243090 2,149 6,045,103",false
AccountHistory_STVE-MACU-20251101-20260420.qbo,STVE-MACU,[ROUTING-REDACTED],13602215-S0059,CHECKING,2025-12-09,DEBIT,-68.84,Withdrawal Trans,Withdrawal Trans,"20251209 7243090 6,884 5,665,055",false
AccountHistory_STVE-MACU-20251101-20260420.qbo,STVE-MACU,[ROUTING-REDACTED],13602215-S0059,CHECKING,2025-12-07,DEBIT,-100.00,Withdrawal Trans,Withdrawal Trans,"20251207 7243090 10,000 2,292,190",false
AccountHistory_STVE-MACU-20251101-20260420.qbo,STVE-MACU,[ROUTING-REDACTED],13602215-S0059,CHECKING,2025-12-05,DEBIT,-117.30,Withdrawal Trans,Withdrawal Trans,"20251205 7243090 11,730 7,094,101",false
AccountHistory_STVE-MACU-20251101-20260420.qbo,STVE-MACU,[ROUTING-REDACTED],13602215-S0059,CHECKING,2025-12-05,DEBIT,-78.67,Withdrawal Trans,Withdrawal Trans,"20251205 7243090 7,867 6,403,868",false
AccountHistory_STVE-MACU-20251101-20260420.qbo,STVE-MACU,[ROUTING-REDACTED],13602215-S0059,CHECKING,2025-12-05,DEBIT,-24.00,Withdrawal Trans,Withdrawal Trans,"20251205 7243090 2,400 5,309,669",false
AccountHistory_STVE-MACU-20251101-20260420.qbo,STVE-MACU,[ROUTING-REDACTED],13602215-S0059,CHECKING,2025-12-04,CREDIT,140.00,Deposit Transfer,Deposit Transfer,"20251204 7243090 14,000 9,117,499",false
AccountHistory_STVE-MACU-20251101-20260420.qbo,STVE-MACU,[ROUTING-REDACTED],13602215-S0059,CHECKING,2025-12-04,DEBIT,-34.34,Withdrawal Trans,Withdrawal Trans,"20251204 7243090 3,434 6,907,171",false
AccountHistory_STVE-MACU-20251101-20260420.qbo,STVE-MACU,[ROUTING-REDACTED],13602215-S0059,CHECKING,2025-12-04,DEBIT,-223.69,Withdrawal Trans,Withdrawal Trans,"20251204 7243090 22,369 6,482,503",false
AccountHistory_STVE-MACU-20251101-20260420.qbo,STVE-MACU,[ROUTING-REDACTED],13602215-S0059,CHECKING,2025-12-04,DEBIT,-1.02,Withdrawal Trans,Withdrawal Trans,"20251204 7243090 102 4,969,693",false
AccountHistory_STVE-MACU-20251101-20260420.qbo,STVE-MACU,[ROUTING-REDACTED],13602215-S0059,CHECKING,2025-12-03,CREDIT,20.70,Deposit Transfer,Deposit Transfer,"20251203 7243090 2,070 8,992,568",false
AccountHistory_STVE-MACU-20251101-20260420.qbo,STVE-MACU,[ROUTING-REDACTED],13602215-S0059,CHECKING,2025-12-03,DEBIT,-38.22,Withdrawal Trans,Withdrawal Trans,"20251203 7243090 3,822 6,322,162",false
AccountHistory_STVE-MACU-20251101-20260420.qbo,STVE-MACU,[ROUTING-REDACTED],13602215-S0059,CHECKING,2025-12-03,DEBIT,-263.26,Withdrawal Trans,Withdrawal Trans,"20251203 7243090 26,326 3,768,996",false
AccountHistory_STVE-MACU-20251101-20260420.qbo,STVE-MACU,[ROUTING-REDACTED],13602215-S0059,CHECKING,2025-12-02,DEBIT,-284.18,Withdrawal Trans,Withdrawal Trans,"20251202 7243090 28,418 3,829,726",false
AccountHistory_STVE-MACU-20251101-20260420.qbo,STVE-MACU,[ROUTING-REDACTED],13602215-S0059,CHECKING,2025-12-01,CREDIT,3568.12,Deposit Transfer,Deposit Transfer,"20251201 7243090 356,812 12,863,466",false
AccountHistory_STVE-MACU-20251101-20260420.qbo,STVE-MACU,[ROUTING-REDACTED],13602215-S0059,CHECKING,2025-11-30,DEBIT,-1071.60,Withdrawal Trans,Withdrawal Trans,"20251130 7243090 107,160 14,794,122",false
AccountHistory_STVE-MACU-20251101-20260420.qbo,STVE-MACU,[ROUTING-REDACTED],13602215-S0059,CHECKING,2025-11-30,CREDIT,43.93,Deposit Dividend Annual Percenta,Deposit Dividend Annual Percentage Yield Earned 115 from,"20251130 7243090 4,393 13,899,866",false
AccountHistory_STVE-MACU-20251101-20260420.qbo,STVE-MACU,[ROUTING-REDACTED],13602215-S0059,CHECKING,2025-11-28,CREDIT,234.00,Deposit Transfer,Deposit Transfer,"20251128 7243090 23,400 9,153,945",false
AccountHistory_STVE-MACU-20251101-20260420.qbo,STVE-MACU,[ROUTING-REDACTED],13602215-S0059,CHECKING,2025-11-26,DEBIT,-1875.02,Withdrawal Trans,Withdrawal Trans,"20251126 7243090 187,502 7,512,136",false
AccountHistory_STVE-MACU-20251101-20260420.qbo,STVE-MACU,[ROUTING-REDACTED],13602215-S0059,CHECKING,2025-11-25,DEBIT,-142.63,Withdrawal Trans,Withdrawal Trans,"20251125 7243090 14,263 4,908,876",false
AccountHistory_STVE-MACU-20251101-20260420.qbo,STVE-MACU,[ROUTING-REDACTED],13602215-S0059,CHECKING,2025-11-25,DEBIT,-42.92,Withdrawal Trans,Withdrawal Trans,"20251125 7243090 4,292 3,647,527",false
AccountHistory_STVE-MACU-20251101-20260420.qbo,STVE-MACU,[ROUTING-REDACTED],13602215-S0059,CHECKING,2025-11-25,DEBIT,-118.20,Withdrawal Trans,Withdrawal Trans,"20251125 7243090 11,820 356,065",false
AccountHistory_STVE-MACU-20251101-20260420.qbo,STVE-MACU,[ROUTING-REDACTED],13602215-S0059,CHECKING,2025-11-24,DEBIT,-21.48,Withdrawal Trans,Withdrawal Trans,"20251124 7243090 2,148 7,095,501",false
AccountHistory_STVE-MACU-20251101-20260420.qbo,STVE-MACU,[ROUTING-REDACTED],13602215-S0059,CHECKING,2025-11-22,DEBIT,-8.59,Withdrawal Trans,Withdrawal Trans,"20251122 7243090 859 4,874,897",false
AccountHistory_STVE-MACU-20251101-20260420.qbo,STVE-MACU,[ROUTING-REDACTED],13602215-S0059,CHECKING,2025-11-22,DEBIT,-75.00,Withdrawal Trans,Withdrawal Trans,"20251122 7243090 7,500 3,299,897",false
AccountHistory_STVE-MACU-20251101-20260420.qbo,STVE-MACU,[ROUTING-REDACTED],13602215-S0059,CHECKING,2025-11-22,DEBIT,-10.72,Withdrawal Trans,Withdrawal Trans,"20251122 7243090 1,072 1,242,921",false
AccountHistory_STVE-MACU-20251101-20260420.qbo,STVE-MACU,[ROUTING-REDACTED],13602215-S0059,CHECKING,2025-11-21,DEBIT,-338.06,Withdrawal Trans,Withdrawal Trans,"20251121 7243090 33,806 5,123,023",false
AccountHistory_STVE-MACU-20251101-20260420.qbo,STVE-MACU,[ROUTING-REDACTED],13602215-S0059,CHECKING,2025-11-20,CREDIT,234.00,Deposit Transfer,Deposit Transfer,"20251120 7243090 23,400 8,901,313",false
AccountHistory_STVE-MACU-20251101-20260420.qbo,STVE-MACU,[ROUTING-REDACTED],13602215-S0059,CHECKING,2025-11-19,DEBIT,-82.09,Withdrawal Trans,Withdrawal Trans,"20251119 7243090 8,209 8,393,678",false
AccountHistory_STVE-MACU-20251101-20260420.qbo,STVE-MACU,[ROUTING-REDACTED],13602215-S0059,CHECKING,2025-11-18,DEBIT,-37.48,Withdrawal Trans,Withdrawal Trans,"20251118 7243090 3,748 3,854,311",false
AccountHistory_STVE-MACU-20251101-20260420.qbo,STVE-MACU,[ROUTING-REDACTED],13602215-S0059,CHECKING,2025-11-16,DEBIT,-42.93,Withdrawal Trans,Withdrawal Trans,"20251116 7243090 4,293 3,651,702",false
AccountHistory_STVE-MACU-20251101-20260420.qbo,STVE-MACU,[ROUTING-REDACTED],13602215-S0059,CHECKING,2025-11-16,DEBIT,-10.00,Withdrawal Trans,Withdrawal Trans,"20251116 7243090 1,000 105,204",false
AccountHistory_STVE-MACU-20251101-20260420.qbo,STVE-MACU,[ROUTING-REDACTED],13602215-S0059,CHECKING,2025-11-15,DEBIT,-261.10,Withdrawal Trans,Withdrawal Trans,"20251115 7243090 26,110 4,506,000",false
AccountHistory_STVE-MACU-20251101-20260420.qbo,STVE-MACU,[ROUTING-REDACTED],13602215-S0059,CHECKING,2025-11-14,DEBIT,-746.55,Withdrawal Trans,Withdrawal Trans,"20251114 7243090 74,655 6,220,944",false
AccountHistory_STVE-MACU-20251101-20260420.qbo,STVE-MACU,[ROUTING-REDACTED],13602215-S0059,CHECKING,2025-11-14,DEBIT,-230.33,Withdrawal Trans,Withdrawal Trans,"20251114 7243090 23,033 6,199,177",false
AccountHistory_STVE-MACU-20251101-20260420.qbo,STVE-MACU,[ROUTING-REDACTED],13602215-S0059,CHECKING,2025-11-14,DEBIT,-33.45,Withdrawal Trans,Withdrawal Trans,"20251114 7243090 3,345 46,110",false
AccountHistory_STVE-MACU-20251101-20260420.qbo,STVE-MACU,[ROUTING-REDACTED],13602215-S0059,CHECKING,2025-11-13,DEBIT,-61.61,Withdrawal Trans,Withdrawal Trans,"20251113 7243090 6,161 6,896,530",false
AccountHistory_STVE-MACU-20251101-20260420.qbo,STVE-MACU,[ROUTING-REDACTED],13602215-S0059,CHECKING,2025-11-13,DEBIT,-457.42,Withdrawal Trans,Withdrawal Trans,"20251113 7243090 45,742 165,076",false
AccountHistory_STVE-MACU-20251101-20260420.qbo,STVE-MACU,[ROUTING-REDACTED],13602215-S0059,CHECKING,2025-11-12,DEBIT,-228.95,Withdrawal Trans,Withdrawal Trans,"20251112 7243090 22,895 7,870,033",false
AccountHistory_STVE-MACU-20251101-20260420.qbo,STVE-MACU,[ROUTING-REDACTED],13602215-S0059,CHECKING,2025-11-12,DEBIT,-185.99,Withdrawal Trans,Withdrawal Trans,"20251112 7243090 18,599 4,324,640",false
AccountHistory_STVE-MACU-20251101-20260420.qbo,STVE-MACU,[ROUTING-REDACTED],13602215-S0059,CHECKING,2025-11-10,DEBIT,-59.11,Withdrawal Trans,Withdrawal Trans,"20251110 7243090 5,911 6,302,027",false
AccountHistory_STVE-MACU-20251101-20260420.qbo,STVE-MACU,[ROUTING-REDACTED],13602215-S0059,CHECKING,2025-11-06,CREDIT,109.02,Deposit Transfer,Deposit Transfer,"20251106 7243090 10,902 9,108,137",false
AccountHistory_STVE-MACU-20251101-20260420.qbo,STVE-MACU,[ROUTING-REDACTED],13602215-S0059,CHECKING,2025-11-05,DEBIT,-75.00,Withdrawal Trans,Withdrawal Trans,"20251105 7243090 7,500 7,084,911",false
AccountHistory_STVE-MACU-20251101-20260420.qbo,STVE-MACU,[ROUTING-REDACTED],13602215-S0059,CHECKING,2025-11-05,DEBIT,-40.51,Withdrawal Trans,Withdrawal Trans,"20251105 7243090 4,051 6,833,862",false
AccountHistory_STVE-MACU-20251101-20260420.qbo,STVE-MACU,[ROUTING-REDACTED],13602215-S0059,CHECKING,2025-11-05,DEBIT,-9.06,Withdrawal Trans,Withdrawal Trans,"20251105 7243090 906 3,024,769",false
AccountHistory_STVE-MACU-20251101-20260420.qbo,STVE-MACU,[ROUTING-REDACTED],13602215-S0059,CHECKING,2025-11-03,DEBIT,-386.82,Withdrawal Trans,Withdrawal Trans,"20251103 7243090 38,682 8,984,669",false
AccountHistory_STVE-MACU-20251101-20260420.qbo,STVE-MACU,[ROUTING-REDACTED],13602215-S0059,CHECKING,2025-11-03,DEBIT,-331.69,Withdrawal Trans,Withdrawal Trans,"20251103 7243090 33,169 3,842,475",false
AccountHistory_STVE-MACU-20251101-20260420.qbo,STVE-MACU,[ROUTING-REDACTED],13602215-S0059,CHECKING,2025-11-01,DEBIT,-614.35,Withdrawal Trans,Withdrawal Trans,"20251101 7243090 61,435 4,788,502",false
AccountHistory_STVE-MACU-SWEEP_20251101-20260422.qbo,STVE-MACU-SWEEP,[ROUTING-REDACTED],13602215-S0059,CHECKING,2026-03-31,DEBIT,-18.81,Withdrawal Trans,Withdrawal Trans,"20260331 7243090 1,881 17,484,051",true
AccountHistory_STVE-MACU-SWEEP_20251101-20260422.qbo,STVE-MACU-SWEEP,[ROUTING-REDACTED],13602215-S0059,CHECKING,2026-03-31,CREDIT,18.81,Deposit Dividend Annual Percenta,Deposit Dividend Annual Percentage Yield Earned 115 from,"20260331 7243090 1,881 16,438,395",true
AccountHistory_STVE-MACU-SWEEP_20251101-20260422.qbo,STVE-MACU-SWEEP,[ROUTING-REDACTED],13602215-S0059,CHECKING,2026-03-18,DEBIT,-32841.91,Withdrawal Trans,Withdrawal Trans,"20260318 7243090 3,284,191 5,323,194",true
AccountHistory_STVE-MACU-SWEEP_20251101-20260422.qbo,STVE-MACU-SWEEP,[ROUTING-REDACTED],13602215-S0059,CHECKING,2026-03-17,DEBIT,-99.90,Withdrawal Trans,Withdrawal Trans,"20260317 7243090 9,990 6,679,621",true
AccountHistory_STVE-MACU-SWEEP_20251101-20260422.qbo,STVE-MACU-SWEEP,[ROUTING-REDACTED],13602215-S0059,CHECKING,2026-03-15,DEBIT,-1399.91,Withdrawal Trans,Withdrawal Trans,"20260315 7243090 139,991 6,059,998",true
AccountHistory_STVE-MACU-SWEEP_20251101-20260422.qbo,STVE-MACU-SWEEP,[ROUTING-REDACTED],13602215-S0059,CHECKING,2026-03-15,DEBIT,-244.99,Withdrawal Trans,Withdrawal Trans,"20260315 7243090 24,499 4,513,826",true
AccountHistory_STVE-MACU-SWEEP_20251101-20260422.qbo,STVE-MACU-SWEEP,[ROUTING-REDACTED],13602215-S0059,CHECKING,2026-03-13,DEBIT,-37.62,Withdrawal Trans,Withdrawal Trans,"20260313 7243090 3,762 9,269,955",true
AccountHistory_STVE-MACU-SWEEP_20251101-20260422.qbo,STVE-MACU-SWEEP,[ROUTING-REDACTED],13602215-S0059,CHECKING,2026-03-12,DEBIT,-145.19,Withdrawal Trans,Withdrawal Trans,"20260312 7243090 14,519 4,229,428",true
AccountHistory_STVE-MACU-SWEEP_20251101-20260422.qbo,STVE-MACU-SWEEP,[ROUTING-REDACTED],13602215-S0059,CHECKING,2026-03-10,DEBIT,-563.04,Withdrawal Trans,Withdrawal Trans,"20260310 7243090 56,304 6,473,164",true
AccountHistory_STVE-MACU-SWEEP_20251101-20260422.qbo,STVE-MACU-SWEEP,[ROUTING-REDACTED],13602215-S0059,CHECKING,2026-03-08,DEBIT,-1234.60,Withdrawal Trans,Withdrawal Trans,"20260308 7243090 123,460 5,362,177",true
AccountHistory_STVE-MACU-SWEEP_20251101-20260422.qbo,STVE-MACU-SWEEP,[ROUTING-REDACTED],13602215-S0059,CHECKING,2026-03-07,DEBIT,-142.95,Withdrawal Trans,Withdrawal Trans,"20260307 7243090 14,295 5,457,749",true
AccountHistory_STVE-MACU-SWEEP_20251101-20260422.qbo,STVE-MACU-SWEEP,[ROUTING-REDACTED],13602215-S0059,CHECKING,2026-03-07,DEBIT,-195.33,Withdrawal Trans,Withdrawal Trans,"20260307 7243090 19,533 2,878,396",true
AccountHistory_STVE-MACU-SWEEP_20251101-20260422.qbo,STVE-MACU-SWEEP,[ROUTING-REDACTED],13602215-S0059,CHECKING,2026-03-04,DEBIT,-8.35,Withdrawal Trans,Withdrawal Trans,"20260304 7243090 835 3,115,866",true
AccountHistory_STVE-MACU-SWEEP_20251101-20260422.qbo,STVE-MACU-SWEEP,[ROUTING-REDACTED],13602215-S0059,CHECKING,2026-03-03,DEBIT,-37.62,Withdrawal Trans,Withdrawal Trans,"20260303 7243090 3,762 1,704,144",true
AccountHistory_STVE-MACU-SWEEP_20251101-20260422.qbo,STVE-MACU-SWEEP,[ROUTING-REDACTED],13602215-S0059,CHECKING,2026-03-02,DEBIT,-1182.65,Withdrawal Trans,Withdrawal Trans,"20260302 7243090 118,265 4,428,526",true
AccountHistory_STVE-MACU-SWEEP_20251101-20260422.qbo,STVE-MACU-SWEEP,[ROUTING-REDACTED],13602215-S0059,CHECKING,2026-03-01,DEBIT,-27.34,Withdrawal Trans,Withdrawal Trans,"20260301 7243090 2,734 8,154,421",true
AccountHistory_STVE-MACU-SWEEP_20251101-20260422.qbo,STVE-MACU-SWEEP,[ROUTING-REDACTED],13602215-S0059,CHECKING,2026-03-01,DEBIT,-505.44,Withdrawal Trans,Withdrawal Trans,"20260301 7243090 50,544 3,523,353",true
AccountHistory_STVE-MACU-SWEEP_20251101-20260422.qbo,STVE-MACU-SWEEP,[ROUTING-REDACTED],13602215-S0059,CHECKING,2026-02-28,DEBIT,-55.00,Withdrawal Trans,Withdrawal Trans,"20260228 7243090 5,500 16,748,093",true
AccountHistory_STVE-MACU-SWEEP_20251101-20260422.qbo,STVE-MACU-SWEEP,[ROUTING-REDACTED],13602215-S0059,CHECKING,2026-02-28,CREDIT,34.32,Deposit Dividend Annual Percenta,Deposit Dividend Annual Percentage Yield Earned 115 from,"20260228 7243090 3,432 15,753,522",true
AccountHistory_STVE-MACU-SWEEP_20251101-20260422.qbo,STVE-MACU-SWEEP,[ROUTING-REDACTED],13602215-S0059,CHECKING,2026-02-28,DEBIT,-126.37,Withdrawal Trans,Withdrawal Trans,"20260228 7243090 12,637 1,191,445",true
AccountHistory_STVE-MACU-SWEEP_20251101-20260422.qbo,STVE-MACU-SWEEP,[ROUTING-REDACTED],13602215-S0059,CHECKING,2026-02-27,DEBIT,-162.38,Withdrawal Trans,Withdrawal Trans,"20260227 7243090 16,238 1,509,035",true
AccountHistory_STVE-MACU-SWEEP_20251101-20260422.qbo,STVE-MACU-SWEEP,[ROUTING-REDACTED],13602215-S0059,CHECKING,2026-02-25,DEBIT,-33.16,Withdrawal Trans,Withdrawal Trans,"20260225 7243090 3,316 6,899,073",true
AccountHistory_STVE-MACU-SWEEP_20251101-20260422.qbo,STVE-MACU-SWEEP,[ROUTING-REDACTED],13602215-S0059,CHECKING,2026-02-25,DEBIT,-118.20,Withdrawal Trans,Withdrawal Trans,"20260225 7243090 11,820 813,269",true
AccountHistory_STVE-MACU-SWEEP_20251101-20260422.qbo,STVE-MACU-SWEEP,[ROUTING-REDACTED],13602215-S0059,CHECKING,2026-02-24,DEBIT,-21.48,Withdrawal Trans,Withdrawal Trans,"20260224 7243090 2,148 5,920,692",true
AccountHistory_STVE-MACU-SWEEP_20251101-20260422.qbo,STVE-MACU-SWEEP,[ROUTING-REDACTED],13602215-S0059,CHECKING,2026-02-22,DEBIT,-8.59,Withdrawal Trans,Withdrawal Trans,"20260222 7243090 859 4,149,711",true
AccountHistory_STVE-MACU-SWEEP_20251101-20260422.qbo,STVE-MACU-SWEEP,[ROUTING-REDACTED],13602215-S0059,CHECKING,2026-02-21,DEBIT,-10.72,Withdrawal Trans,Withdrawal Trans,"20260221 7243090 1,072 6,508,591",true
AccountHistory_STVE-MACU-SWEEP_20251101-20260422.qbo,STVE-MACU-SWEEP,[ROUTING-REDACTED],13602215-S0059,CHECKING,2026-02-21,DEBIT,-70.76,Withdrawal Trans,Withdrawal Trans,"20260221 7243090 7,076 4,542,365",true
AccountHistory_STVE-MACU-SWEEP_20251101-20260422.qbo,STVE-MACU-SWEEP,[ROUTING-REDACTED],13602215-S0059,CHECKING,2026-02-19,DEBIT,-139.32,Withdrawal Trans,Withdrawal Trans,"20260219 7243090 13,932 4,809,572",true
AccountHistory_STVE-MACU-SWEEP_20251101-20260422.qbo,STVE-MACU-SWEEP,[ROUTING-REDACTED],13602215-S0059,CHECKING,2026-02-18,DEBIT,-300.86,Withdrawal Trans,Withdrawal Trans,"20260218 7243090 30,086 5,528,115",true
AccountHistory_STVE-MACU-SWEEP_20251101-20260422.qbo,STVE-MACU-SWEEP,[ROUTING-REDACTED],13602215-S0059,CHECKING,2026-02-17,DEBIT,-37.62,Withdrawal Trans,Withdrawal Trans,"20260217 7243090 3,762 9,291,006",true
AccountHistory_STVE-MACU-SWEEP_20251101-20260422.qbo,STVE-MACU-SWEEP,[ROUTING-REDACTED],13602215-S0059,CHECKING,2026-02-15,DEBIT,-16.11,Withdrawal Trans,Withdrawal Trans,"20260215 7243090 1,611 5,922,533",true
AccountHistory_STVE-MACU-SWEEP_20251101-20260422.qbo,STVE-MACU-SWEEP,[ROUTING-REDACTED],13602215-S0059,CHECKING,2026-02-15,DEBIT,-244.99,Withdrawal Trans,Withdrawal Trans,"20260215 7243090 24,499 4,583,547",true
AccountHistory_STVE-MACU-SWEEP_20251101-20260422.qbo,STVE-MACU-SWEEP,[ROUTING-REDACTED],13602215-S0059,CHECKING,2026-02-12,CREDIT,1204.81,Deposit Transfer,Deposit Transfer,"20260212 7243090 120,481 9,302,237",true
AccountHistory_STVE-MACU-SWEEP_20251101-20260422.qbo,STVE-MACU-SWEEP,[ROUTING-REDACTED],13602215-S0059,CHECKING,2026-02-11,DEBIT,-133.97,Withdrawal Trans,Withdrawal Trans,"20260211 7243090 13,397 5,233,408",true
AccountHistory_STVE-MACU-SWEEP_20251101-20260422.qbo,STVE-MACU-SWEEP,[ROUTING-REDACTED],13602215-S0059,CHECKING,2026-02-10,DEBIT,-21.49,Withdrawal Trans,Withdrawal Trans,"20260210 7243090 2,149 5,615,080",true
AccountHistory_STVE-MACU-SWEEP_20251101-20260422.qbo,STVE-MACU-SWEEP,[ROUTING-REDACTED],13602215-S0059,CHECKING,2026-02-06,DEBIT,-45.12,Withdrawal Trans,Withdrawal Trans,"20260206 7243090 4,512 9,603,880",true
AccountHistory_STVE-MACU-SWEEP_20251101-20260422.qbo,STVE-MACU-SWEEP,[ROUTING-REDACTED],13602215-S0059,CHECKING,2026-02-06,DEBIT,-226.48,Withdrawal Trans,Withdrawal Trans,"20260206 7243090 22,648 4,241,939",true
AccountHistory_STVE-MACU-SWEEP_20251101-20260422.qbo,STVE-MACU-SWEEP,[ROUTING-REDACTED],13602215-S0059,CHECKING,2026-02-05,CREDIT,151.48,Deposit Transfer,Deposit Transfer,"20260205 7243090 15,148 9,578,731",true
AccountHistory_STVE-MACU-SWEEP_20251101-20260422.qbo,STVE-MACU-SWEEP,[ROUTING-REDACTED],13602215-S0059,CHECKING,2026-02-04,DEBIT,-180.30,Withdrawal Trans,Withdrawal Trans,"20260204 7243090 18,030 8,331,164",true
AccountHistory_STVE-MACU-SWEEP_20251101-20260422.qbo,STVE-MACU-SWEEP,[ROUTING-REDACTED],13602215-S0059,CHECKING,2026-02-04,DEBIT,-69.94,Withdrawal Trans,Withdrawal Trans,"20260204 7243090 6,994 5,645,416",true
AccountHistory_STVE-MACU-SWEEP_20251101-20260422.qbo,STVE-MACU-SWEEP,[ROUTING-REDACTED],13602215-S0059,CHECKING,2026-02-04,DEBIT,-8.20,Withdrawal Trans,Withdrawal Trans,"20260204 7243090 820 2,949,167",true
AccountHistory_STVE-MACU-SWEEP_20251101-20260422.qbo,STVE-MACU-SWEEP,[ROUTING-REDACTED],13602215-S0059,CHECKING,2026-02-02,DEBIT,-55.00,Withdrawal Trans,Withdrawal Trans,"20260202 7243090 5,500 3,834,013",true
AccountHistory_STVE-MACU-SWEEP_20251101-20260422.qbo,STVE-MACU-SWEEP,[ROUTING-REDACTED],13602215-S0059,CHECKING,2026-02-01,DEBIT,-505.44,Withdrawal Trans,Withdrawal Trans,"20260201 7243090 50,544 3,974,503",true
AccountHistory_STVE-MACU-SWEEP_20251101-20260422.qbo,STVE-MACU-SWEEP,[ROUTING-REDACTED],13602215-S0059,CHECKING,2026-02-01,DEBIT,-85.10,Withdrawal Trans,Withdrawal Trans,"20260201 7243090 8,510 3,973,236",true
AccountHistory_STVE-MACU-SWEEP_20251101-20260422.qbo,STVE-MACU-SWEEP,[ROUTING-REDACTED],13602215-S0059,CHECKING,2026-01-31,DEBIT,-1121.42,Withdrawal Trans,Withdrawal Trans,"20260131 7243090 112,142 15,137,699",true
AccountHistory_STVE-MACU-SWEEP_20251101-20260422.qbo,STVE-MACU-SWEEP,[ROUTING-REDACTED],13602215-S0059,CHECKING,2026-01-31,CREDIT,40.36,Deposit Dividend Annual Percenta,Deposit Dividend Annual Percentage Yield Earned 115 from,"20260131 7243090 4,036 14,176,036",true
AccountHistory_STVE-MACU-SWEEP_20251101-20260422.qbo,STVE-MACU-SWEEP,[ROUTING-REDACTED],13602215-S0059,CHECKING,2026-01-29,DEBIT,-70.01,Withdrawal Trans,Withdrawal Trans,"20260129 7243090 7,001 7,880,886",true
AccountHistory_STVE-MACU-SWEEP_20251101-20260422.qbo,STVE-MACU-SWEEP,[ROUTING-REDACTED],13602215-S0059,CHECKING,2026-01-28,DEBIT,-57.99,Withdrawal Trans,Withdrawal Trans,"20260128 7243090 5,799 2,731,992",true
AccountHistory_STVE-MACU-SWEEP_20251101-20260422.qbo,STVE-MACU-SWEEP,[ROUTING-REDACTED],13602215-S0059,CHECKING,2026-01-27,DEBIT,-5.00,Withdrawal Trans,Withdrawal Trans,"20260127 7243090 500 1,385,645",true
AccountHistory_STVE-MACU-SWEEP_20251101-20260422.qbo,STVE-MACU-SWEEP,[ROUTING-REDACTED],13602215-S0059,CHECKING,2026-01-26,DEBIT,-37.32,Withdrawal Trans,Withdrawal Trans,"20260126 7243090 3,732 6,984,582",true
AccountHistory_STVE-MACU-SWEEP_20251101-20260422.qbo,STVE-MACU-SWEEP,[ROUTING-REDACTED],13602215-S0059,CHECKING,2026-01-26,DEBIT,-162.38,Withdrawal Trans,Withdrawal Trans,"20260126 7243090 16,238 926,911",true
AccountHistory_STVE-MACU-SWEEP_20251101-20260422.qbo,STVE-MACU-SWEEP,[ROUTING-REDACTED],13602215-S0059,CHECKING,2026-01-25,DEBIT,-118.20,Withdrawal Trans,Withdrawal Trans,"20260125 7243090 11,820 482,228",true
AccountHistory_STVE-MACU-SWEEP_20251101-20260422.qbo,STVE-MACU-SWEEP,[ROUTING-REDACTED],13602215-S0059,CHECKING,2026-01-24,DEBIT,-21.48,Withdrawal Trans,Withdrawal Trans,"20260124 7243090 2,148 3,269,755",true
AccountHistory_STVE-MACU-SWEEP_20251101-20260422.qbo,STVE-MACU-SWEEP,[ROUTING-REDACTED],13602215-S0059,CHECKING,2026-01-22,DEBIT,-5.36,Withdrawal Trans,Withdrawal Trans,"20260122 7243090 536 6,527,133",true
AccountHistory_STVE-MACU-SWEEP_20251101-20260422.qbo,STVE-MACU-SWEEP,[ROUTING-REDACTED],13602215-S0059,CHECKING,2026-01-21,DEBIT,-10.72,Withdrawal Trans,Withdrawal Trans,"20260121 7243090 1,072 8,863,336",true
AccountHistory_STVE-MACU-SWEEP_20251101-20260422.qbo,STVE-MACU-SWEEP,[ROUTING-REDACTED],13602215-S0059,CHECKING,2026-01-16,DEBIT,-90.37,Withdrawal Trans,Withdrawal Trans,"20260116 7243090 9,037 7,484,157",true
AccountHistory_STVE-MACU-SWEEP_20251101-20260422.qbo,STVE-MACU-SWEEP,[ROUTING-REDACTED],13602215-S0059,CHECKING,2026-01-15,DEBIT,-261.10,Withdrawal Trans,Withdrawal Trans,"20260115 7243090 26,110 6,739,895",true
AccountHistory_STVE-MACU-SWEEP_20251101-20260422.qbo,STVE-MACU-SWEEP,[ROUTING-REDACTED],13602215-S0059,CHECKING,2026-01-12,DEBIT,-145.21,Withdrawal Trans,Withdrawal Trans,"20260112 7243090 14,521 3,991,846",true
AccountHistory_STVE-MACU-SWEEP_20251101-20260422.qbo,STVE-MACU-SWEEP,[ROUTING-REDACTED],13602215-S0059,CHECKING,2026-01-10,DEBIT,-21.49,Withdrawal Trans,Withdrawal Trans,"20260110 7243090 2,149 4,144,913",true
AccountHistory_STVE-MACU-SWEEP_20251101-20260422.qbo,STVE-MACU-SWEEP,[ROUTING-REDACTED],13602215-S0059,CHECKING,2026-01-07,DEBIT,-62.93,Withdrawal Trans,Withdrawal Trans,"20260107 7243090 6,293 4,498,338",true
AccountHistory_STVE-MACU-SWEEP_20251101-20260422.qbo,STVE-MACU-SWEEP,[ROUTING-REDACTED],13602215-S0059,CHECKING,2026-01-06,DEBIT,-108.49,Withdrawal Trans,Withdrawal Trans,"20260106 7243090 10,849 3,202,908",true
AccountHistory_STVE-MACU-SWEEP_20251101-20260422.qbo,STVE-MACU-SWEEP,[ROUTING-REDACTED],13602215-S0059,CHECKING,2026-01-02,DEBIT,-80.34,Withdrawal Trans,Withdrawal Trans,"20260102 7243090 8,034 3,575,808",true
AccountHistory_STVE-MACU-SWEEP_20251101-20260422.qbo,STVE-MACU-SWEEP,[ROUTING-REDACTED],13602215-S0059,CHECKING,2026-01-01,CREDIT,31.50,Deposit Transfer,Deposit Transfer,"20260101 7243090 3,150 11,040,199",true
AccountHistory_STVE-MACU-SWEEP_20251101-20260422.qbo,STVE-MACU-SWEEP,[ROUTING-REDACTED],13602215-S0059,CHECKING,2026-01-01,DEBIT,-85.10,Withdrawal Trans,Withdrawal Trans,"20260101 7243090 8,510 5,390,414",true
AccountHistory_STVE-MACU-SWEEP_20251101-20260422.qbo,STVE-MACU-SWEEP,[ROUTING-REDACTED],13602215-S0059,CHECKING,2026-01-01,DEBIT,-505.44,Withdrawal Trans,Withdrawal Trans,"20260101 7243090 50,544 5,361,330",true
AccountHistory_STVE-MACU-SWEEP_20251101-20260422.qbo,STVE-MACU-SWEEP,[ROUTING-REDACTED],13602215-S0059,CHECKING,2025-12-31,DEBIT,-74.31,Withdrawal Trans,Withdrawal Trans,"20251231 7243090 7,431 17,538,101",true
AccountHistory_STVE-MACU-SWEEP_20251101-20260422.qbo,STVE-MACU-SWEEP,[ROUTING-REDACTED],13602215-S0059,CHECKING,2025-12-31,CREDIT,43.60,Deposit Dividend Annual Percenta,Deposit Dividend Annual Percentage Yield Earned 115 from,"20251231 7243090 4,360 16,607,155",true
AccountHistory_STVE-MACU-SWEEP_20251101-20260422.qbo,STVE-MACU-SWEEP,[ROUTING-REDACTED],13602215-S0059,CHECKING,2025-12-30,DEBIT,-68.38,Withdrawal Trans,Withdrawal Trans,"20251230 7243090 6,838 8,483,013",true
AccountHistory_STVE-MACU-SWEEP_20251101-20260422.qbo,STVE-MACU-SWEEP,[ROUTING-REDACTED],13602215-S0059,CHECKING,2025-12-29,DEBIT,-1145.57,Withdrawal Trans,Withdrawal Trans,"20251229 7243090 114,557 5,503,722",true
AccountHistory_STVE-MACU-SWEEP_20251101-20260422.qbo,STVE-MACU-SWEEP,[ROUTING-REDACTED],13602215-S0059,CHECKING,2025-12-28,DEBIT,-93.57,Withdrawal Trans,Withdrawal Trans,"20251228 7243090 9,357 3,789,135",true
AccountHistory_STVE-MACU-SWEEP_20251101-20260422.qbo,STVE-MACU-SWEEP,[ROUTING-REDACTED],13602215-S0059,CHECKING,2025-12-28,DEBIT,-31.50,Withdrawal Trans,Withdrawal Trans,"20251228 7243090 3,150 2,405,077",true
AccountHistory_STVE-MACU-SWEEP_20251101-20260422.qbo,STVE-MACU-SWEEP,[ROUTING-REDACTED],13602215-S0059,CHECKING,2025-12-26,DEBIT,-91.45,Withdrawal Trans,Withdrawal Trans,"20251226 7243090 9,145 3,801,940",true
AccountHistory_STVE-MACU-SWEEP_20251101-20260422.qbo,STVE-MACU-SWEEP,[ROUTING-REDACTED],13602215-S0059,CHECKING,2025-12-25,DEBIT,-177.67,Withdrawal Trans,Withdrawal Trans,"20251225 7243090 17,767 4,529,328",true
AccountHistory_STVE-MACU-SWEEP_20251101-20260422.qbo,STVE-MACU-SWEEP,[ROUTING-REDACTED],13602215-S0059,CHECKING,2025-12-25,DEBIT,-118.20,Withdrawal Trans,Withdrawal Trans,"20251225 7243090 11,820 468,371",true
AccountHistory_STVE-MACU-SWEEP_20251101-20260422.qbo,STVE-MACU-SWEEP,[ROUTING-REDACTED],13602215-S0059,CHECKING,2025-12-24,DEBIT,-21.48,Withdrawal Trans,Withdrawal Trans,"20251224 7243090 2,148 5,380,010",true
AccountHistory_STVE-MACU-SWEEP_20251101-20260422.qbo,STVE-MACU-SWEEP,[ROUTING-REDACTED],13602215-S0059,CHECKING,2025-12-24,DEBIT,-83.04,Withdrawal Trans,Withdrawal Trans,"20251224 7243090 8,304 1,650,832",true
AccountHistory_STVE-MACU-SWEEP_20251101-20260422.qbo,STVE-MACU-SWEEP,[ROUTING-REDACTED],13602215-S0059,CHECKING,2025-12-23,DEBIT,-183.56,Withdrawal Trans,Withdrawal Trans,"20251223 7243090 18,356 8,798,007",true
AccountHistory_STVE-MACU-SWEEP_20251101-20260422.qbo,STVE-MACU-SWEEP,[ROUTING-REDACTED],13602215-S0059,CHECKING,2025-12-23,DEBIT,-71.57,Withdrawal Trans,Withdrawal Trans,"20251223 7243090 7,157 478,968",true
AccountHistory_STVE-MACU-SWEEP_20251101-20260422.qbo,STVE-MACU-SWEEP,[ROUTING-REDACTED],13602215-S0059,CHECKING,2025-12-22,CREDIT,94.38,Deposit Transfer,Deposit Transfer,"20251222 7243090 9,438 9,504,676",true
AccountHistory_STVE-MACU-SWEEP_20251101-20260422.qbo,STVE-MACU-SWEEP,[ROUTING-REDACTED],13602215-S0059,CHECKING,2025-12-21,CREDIT,57.66,Deposit Transfer,Deposit Transfer,"20251221 7243090 5,766 9,321,431",true
AccountHistory_STVE-MACU-SWEEP_20251101-20260422.qbo,STVE-MACU-SWEEP,[ROUTING-REDACTED],13602215-S0059,CHECKING,2025-12-19,DEBIT,-286.17,Withdrawal Trans,Withdrawal Trans,"20251219 7243090 28,617 1,657,488",true
AccountHistory_STVE-MACU-SWEEP_20251101-20260422.qbo,STVE-MACU-SWEEP,[ROUTING-REDACTED],13602215-S0059,CHECKING,2025-12-18,DEBIT,-65.66,Withdrawal Trans,Withdrawal Trans,"20251218 7243090 6,566 4,186,666",true
AccountHistory_STVE-MACU-SWEEP_20251101-20260422.qbo,STVE-MACU-SWEEP,[ROUTING-REDACTED],13602215-S0059,CHECKING,2025-12-17,DEBIT,-117.73,Withdrawal Trans,Withdrawal Trans,"20251217 7243090 11,773 7,037,520",true
AccountHistory_STVE-MACU-SWEEP_20251101-20260422.qbo,STVE-MACU-SWEEP,[ROUTING-REDACTED],13602215-S0059,CHECKING,2025-12-15,DEBIT,-261.10,Withdrawal Trans,Withdrawal Trans,"20251215 7243090 26,110 7,229,168",true
AccountHistory_STVE-MACU-SWEEP_20251101-20260422.qbo,STVE-MACU-SWEEP,[ROUTING-REDACTED],13602215-S0059,CHECKING,2025-12-12,DEBIT,-145.21,Withdrawal Trans,Withdrawal Trans,"20251212 7243090 14,521 4,593,624",true
AccountHistory_STVE-MACU-SWEEP_20251101-20260422.qbo,STVE-MACU-SWEEP,[ROUTING-REDACTED],13602215-S0059,CHECKING,2025-12-11,CREDIT,199.73,Deposit Transfer,Deposit Transfer,"20251211 7243090 19,973 9,271,254",true
AccountHistory_STVE-MACU-SWEEP_20251101-20260422.qbo,STVE-MACU-SWEEP,[ROUTING-REDACTED],13602215-S0059,CHECKING,2025-12-10,DEBIT,-21.49,Withdrawal Trans,Withdrawal Trans,"20251210 7243090 2,149 6,045,103",true
AccountHistory_STVE-MACU-SWEEP_20251101-20260422.qbo,STVE-MACU-SWEEP,[ROUTING-REDACTED],13602215-S0059,CHECKING,2025-12-09,DEBIT,-68.84,Withdrawal Trans,Withdrawal Trans,"20251209 7243090 6,884 5,665,055",true
AccountHistory_STVE-MACU-SWEEP_20251101-20260422.qbo,STVE-MACU-SWEEP,[ROUTING-REDACTED],13602215-S0059,CHECKING,2025-12-07,DEBIT,-100.00,Withdrawal Trans,Withdrawal Trans,"20251207 7243090 10,000 2,292,190",true
AccountHistory_STVE-MACU-SWEEP_20251101-20260422.qbo,STVE-MACU-SWEEP,[ROUTING-REDACTED],13602215-S0059,CHECKING,2025-12-05,DEBIT,-117.30,Withdrawal Trans,Withdrawal Trans,"20251205 7243090 11,730 7,094,101",true
AccountHistory_STVE-MACU-SWEEP_20251101-20260422.qbo,STVE-MACU-SWEEP,[ROUTING-REDACTED],13602215-S0059,CHECKING,2025-12-05,DEBIT,-78.67,Withdrawal Trans,Withdrawal Trans,"20251205 7243090 7,867 6,403,868",true
AccountHistory_STVE-MACU-SWEEP_20251101-20260422.qbo,STVE-MACU-SWEEP,[ROUTING-REDACTED],13602215-S0059,CHECKING,2025-12-05,DEBIT,-24.00,Withdrawal Trans,Withdrawal Trans,"20251205 7243090 2,400 5,309,669",true
AccountHistory_STVE-MACU-SWEEP_20251101-20260422.qbo,STVE-MACU-SWEEP,[ROUTING-REDACTED],13602215-S0059,CHECKING,2025-12-04,CREDIT,140.00,Deposit Transfer,Deposit Transfer,"20251204 7243090 14,000 9,117,499",true
AccountHistory_STVE-MACU-SWEEP_20251101-20260422.qbo,STVE-MACU-SWEEP,[ROUTING-REDACTED],13602215-S0059,CHECKING,2025-12-04,DEBIT,-34.34,Withdrawal Trans,Withdrawal Trans,"20251204 7243090 3,434 6,907,171",true
AccountHistory_STVE-MACU-SWEEP_20251101-20260422.qbo,STVE-MACU-SWEEP,[ROUTING-REDACTED],13602215-S0059,CHECKING,2025-12-04,DEBIT,-223.69,Withdrawal Trans,Withdrawal Trans,"20251204 7243090 22,369 6,482,503",true
AccountHistory_STVE-MACU-SWEEP_20251101-20260422.qbo,STVE-MACU-SWEEP,[ROUTING-REDACTED],13602215-S0059,CHECKING,2025-12-04,DEBIT,-1.02,Withdrawal Trans,Withdrawal Trans,"20251204 7243090 102 4,969,693",true
AccountHistory_STVE-MACU-SWEEP_20251101-20260422.qbo,STVE-MACU-SWEEP,[ROUTING-REDACTED],13602215-S0059,CHECKING,2025-12-03,CREDIT,20.70,Deposit Transfer,Deposit Transfer,"20251203 7243090 2,070 8,992,568",true
AccountHistory_STVE-MACU-SWEEP_20251101-20260422.qbo,STVE-MACU-SWEEP,[ROUTING-REDACTED],13602215-S0059,CHECKING,2025-12-03,DEBIT,-38.22,Withdrawal Trans,Withdrawal Trans,"20251203 7243090 3,822 6,322,162",true
AccountHistory_STVE-MACU-SWEEP_20251101-20260422.qbo,STVE-MACU-SWEEP,[ROUTING-REDACTED],13602215-S0059,CHECKING,2025-12-03,DEBIT,-263.26,Withdrawal Trans,Withdrawal Trans,"20251203 7243090 26,326 3,768,996",true
AccountHistory_STVE-MACU-SWEEP_20251101-20260422.qbo,STVE-MACU-SWEEP,[ROUTING-REDACTED],13602215-S0059,CHECKING,2025-12-02,DEBIT,-284.18,Withdrawal Trans,Withdrawal Trans,"20251202 7243090 28,418 3,829,726",true
AccountHistory_STVE-MACU-SWEEP_20251101-20260422.qbo,STVE-MACU-SWEEP,[ROUTING-REDACTED],13602215-S0059,CHECKING,2025-12-01,CREDIT,3568.12,Deposit Transfer,Deposit Transfer,"20251201 7243090 356,812 12,863,466",true
AccountHistory_STVE-MACU-SWEEP_20251101-20260422.qbo,STVE-MACU-SWEEP,[ROUTING-REDACTED],13602215-S0059,CHECKING,2025-11-30,DEBIT,-1071.60,Withdrawal Trans,Withdrawal Trans,"20251130 7243090 107,160 14,794,122",true
AccountHistory_STVE-MACU-SWEEP_20251101-20260422.qbo,STVE-MACU-SWEEP,[ROUTING-REDACTED],13602215-S0059,CHECKING,2025-11-30,CREDIT,43.93,Deposit Dividend Annual Percenta,Deposit Dividend Annual Percentage Yield Earned 115 from,"20251130 7243090 4,393 13,899,866",true
AccountHistory_STVE-MACU-SWEEP_20251101-20260422.qbo,STVE-MACU-SWEEP,[ROUTING-REDACTED],13602215-S0059,CHECKING,2025-11-28,CREDIT,234.00,Deposit Transfer,Deposit Transfer,"20251128 7243090 23,400 9,153,945",true
AccountHistory_STVE-MACU-SWEEP_20251101-20260422.qbo,STVE-MACU-SWEEP,[ROUTING-REDACTED],13602215-S0059,CHECKING,2025-11-26,DEBIT,-1875.02,Withdrawal Trans,Withdrawal Trans,"20251126 7243090 187,502 7,512,136",true
AccountHistory_STVE-MACU-SWEEP_20251101-20260422.qbo,STVE-MACU-SWEEP,[ROUTING-REDACTED],13602215-S0059,CHECKING,2025-11-25,DEBIT,-142.63,Withdrawal Trans,Withdrawal Trans,"20251125 7243090 14,263 4,908,876",true
AccountHistory_STVE-MACU-SWEEP_20251101-20260422.qbo,STVE-MACU-SWEEP,[ROUTING-REDACTED],13602215-S0059,CHECKING,2025-11-25,DEBIT,-42.92,Withdrawal Trans,Withdrawal Trans,"20251125 7243090 4,292 3,647,527",true
AccountHistory_STVE-MACU-SWEEP_20251101-20260422.qbo,STVE-MACU-SWEEP,[ROUTING-REDACTED],13602215-S0059,CHECKING,2025-11-25,DEBIT,-118.20,Withdrawal Trans,Withdrawal Trans,"20251125 7243090 11,820 356,065",true
AccountHistory_STVE-MACU-SWEEP_20251101-20260422.qbo,STVE-MACU-SWEEP,[ROUTING-REDACTED],13602215-S0059,CHECKING,2025-11-24,DEBIT,-21.48,Withdrawal Trans,Withdrawal Trans,"20251124 7243090 2,148 7,095,501",true
AccountHistory_STVE-MACU-SWEEP_20251101-20260422.qbo,STVE-MACU-SWEEP,[ROUTING-REDACTED],13602215-S0059,CHECKING,2025-11-22,DEBIT,-8.59,Withdrawal Trans,Withdrawal Trans,"20251122 7243090 859 4,874,897",true
AccountHistory_STVE-MACU-SWEEP_20251101-20260422.qbo,STVE-MACU-SWEEP,[ROUTING-REDACTED],13602215-S0059,CHECKING,2025-11-22,DEBIT,-75.00,Withdrawal Trans,Withdrawal Trans,"20251122 7243090 7,500 3,299,897",true
AccountHistory_STVE-MACU-SWEEP_20251101-20260422.qbo,STVE-MACU-SWEEP,[ROUTING-REDACTED],13602215-S0059,CHECKING,2025-11-22,DEBIT,-10.72,Withdrawal Trans,Withdrawal Trans,"20251122 7243090 1,072 1,242,921",true
AccountHistory_STVE-MACU-SWEEP_20251101-20260422.qbo,STVE-MACU-SWEEP,[ROUTING-REDACTED],13602215-S0059,CHECKING,2025-11-21,DEBIT,-338.06,Withdrawal Trans,Withdrawal Trans,"20251121 7243090 33,806 5,123,023",true
AccountHistory_STVE-MACU-SWEEP_20251101-20260422.qbo,STVE-MACU-SWEEP,[ROUTING-REDACTED],13602215-S0059,CHECKING,2025-11-20,CREDIT,234.00,Deposit Transfer,Deposit Transfer,"20251120 7243090 23,400 8,901,313",true
AccountHistory_STVE-MACU-SWEEP_20251101-20260422.qbo,STVE-MACU-SWEEP,[ROUTING-REDACTED],13602215-S0059,CHECKING,2025-11-19,DEBIT,-82.09,Withdrawal Trans,Withdrawal Trans,"20251119 7243090 8,209 8,393,678",true
AccountHistory_STVE-MACU-SWEEP_20251101-20260422.qbo,STVE-MACU-SWEEP,[ROUTING-REDACTED],13602215-S0059,CHECKING,2025-11-18,DEBIT,-37.48,Withdrawal Trans,Withdrawal Trans,"20251118 7243090 3,748 3,854,311",true
AccountHistory_STVE-MACU-SWEEP_20251101-20260422.qbo,STVE-MACU-SWEEP,[ROUTING-REDACTED],13602215-S0059,CHECKING,2025-11-16,DEBIT,-42.93,Withdrawal Trans,Withdrawal Trans,"20251116 7243090 4,293 3,651,702",true
AccountHistory_STVE-MACU-SWEEP_20251101-20260422.qbo,STVE-MACU-SWEEP,[ROUTING-REDACTED],13602215-S0059,CHECKING,2025-11-16,DEBIT,-10.00,Withdrawal Trans,Withdrawal Trans,"20251116 7243090 1,000 105,204",true
AccountHistory_STVE-MACU-SWEEP_20251101-20260422.qbo,STVE-MACU-SWEEP,[ROUTING-REDACTED],13602215-S0059,CHECKING,2025-11-15,DEBIT,-261.10,Withdrawal Trans,Withdrawal Trans,"20251115 7243090 26,110 4,506,000",true
AccountHistory_STVE-MACU-SWEEP_20251101-20260422.qbo,STVE-MACU-SWEEP,[ROUTING-REDACTED],13602215-S0059,CHECKING,2025-11-14,DEBIT,-746.55,Withdrawal Trans,Withdrawal Trans,"20251114 7243090 74,655 6,220,944",true
AccountHistory_STVE-MACU-SWEEP_20251101-20260422.qbo,STVE-MACU-SWEEP,[ROUTING-REDACTED],13602215-S0059,CHECKING,2025-11-14,DEBIT,-230.33,Withdrawal Trans,Withdrawal Trans,"20251114 7243090 23,033 6,199,177",true
AccountHistory_STVE-MACU-SWEEP_20251101-20260422.qbo,STVE-MACU-SWEEP,[ROUTING-REDACTED],13602215-S0059,CHECKING,2025-11-14,DEBIT,-33.45,Withdrawal Trans,Withdrawal Trans,"20251114 7243090 3,345 46,110",true
AccountHistory_STVE-MACU-SWEEP_20251101-20260422.qbo,STVE-MACU-SWEEP,[ROUTING-REDACTED],13602215-S0059,CHECKING,2025-11-13,DEBIT,-61.61,Withdrawal Trans,Withdrawal Trans,"20251113 7243090 6,161 6,896,530",true
AccountHistory_STVE-MACU-SWEEP_20251101-20260422.qbo,STVE-MACU-SWEEP,[ROUTING-REDACTED],13602215-S0059,CHECKING,2025-11-13,DEBIT,-457.42,Withdrawal Trans,Withdrawal Trans,"20251113 7243090 45,742 165,076",true
AccountHistory_STVE-MACU-SWEEP_20251101-20260422.qbo,STVE-MACU-SWEEP,[ROUTING-REDACTED],13602215-S0059,CHECKING,2025-11-12,DEBIT,-228.95,Withdrawal Trans,Withdrawal Trans,"20251112 7243090 22,895 7,870,033",true
AccountHistory_STVE-MACU-SWEEP_20251101-20260422.qbo,STVE-MACU-SWEEP,[ROUTING-REDACTED],13602215-S0059,CHECKING,2025-11-12,DEBIT,-185.99,Withdrawal Trans,Withdrawal Trans,"20251112 7243090 18,599 4,324,640",true
AccountHistory_STVE-MACU-SWEEP_20251101-20260422.qbo,STVE-MACU-SWEEP,[ROUTING-REDACTED],13602215-S0059,CHECKING,2025-11-10,DEBIT,-59.11,Withdrawal Trans,Withdrawal Trans,"20251110 7243090 5,911 6,302,027",true
AccountHistory_STVE-MACU-SWEEP_20251101-20260422.qbo,STVE-MACU-SWEEP,[ROUTING-REDACTED],13602215-S0059,CHECKING,2025-11-06,CREDIT,109.02,Deposit Transfer,Deposit Transfer,"20251106 7243090 10,902 9,108,137",true
AccountHistory_STVE-MACU-SWEEP_20251101-20260422.qbo,STVE-MACU-SWEEP,[ROUTING-REDACTED],13602215-S0059,CHECKING,2025-11-05,DEBIT,-75.00,Withdrawal Trans,Withdrawal Trans,"20251105 7243090 7,500 7,084,911",true
AccountHistory_STVE-MACU-SWEEP_20251101-20260422.qbo,STVE-MACU-SWEEP,[ROUTING-REDACTED],13602215-S0059,CHECKING,2025-11-05,DEBIT,-40.51,Withdrawal Trans,Withdrawal Trans,"20251105 7243090 4,051 6,833,862",true
AccountHistory_STVE-MACU-SWEEP_20251101-20260422.qbo,STVE-MACU-SWEEP,[ROUTING-REDACTED],13602215-S0059,CHECKING,2025-11-05,DEBIT,-9.06,Withdrawal Trans,Withdrawal Trans,"20251105 7243090 906 3,024,769",true
AccountHistory_STVE-MACU-SWEEP_20251101-20260422.qbo,STVE-MACU-SWEEP,[ROUTING-REDACTED],13602215-S0059,CHECKING,2025-11-03,DEBIT,-386.82,Withdrawal Trans,Withdrawal Trans,"20251103 7243090 38,682 8,984,669",true
AccountHistory_STVE-MACU-SWEEP_20251101-20260422.qbo,STVE-MACU-SWEEP,[ROUTING-REDACTED],13602215-S0059,CHECKING,2025-11-03,DEBIT,-331.69,Withdrawal Trans,Withdrawal Trans,"20251103 7243090 33,169 3,842,475",true
AccountHistory_STVE-MACU-SWEEP_20251101-20260422.qbo,STVE-MACU-SWEEP,[ROUTING-REDACTED],13602215-S0059,CHECKING,2025-11-01,DEBIT,-614.35,Withdrawal Trans,Withdrawal Trans,"20251101 7243090 61,435 4,788,502",true
AccountHistory_Summa Elite-MM_20260501-20260531.qbo,Summa Elite-MM,[ROUTING-REDACTED],[ACCOUNT-REDACTED],SAVINGS,2026-05-01,CREDIT,14817.75,Dividends,,cf69c07259595bc70c36442b55ee2e6af883c46c,false
AccountHistory_Summa Elite-MM_20260501-20260531.qbo,Summa Elite-MM,[ROUTING-REDACTED],[ACCOUNT-REDACTED],SAVINGS,2026-05-07,DEBIT,-25000.00,Domestic Wire Withdrawal Outgoin,Domestic Wire Withdrawal Outgoing Seq 136871 Rock Cree,7d4c8be80bc80b1b2d704370080ffac8c3f45a22,false
AccountHistory_Summa Elite-MM_20260501-20260531.qbo,Summa Elite-MM,[ROUTING-REDACTED],[ACCOUNT-REDACTED],SAVINGS,2026-05-07,DEBIT,-15.00,Domestic Wire Wth Fee Domestic O,Domestic Wire Wth Fee Domestic Outgoing Wire Fee 13687,93c1b3eb96f5839aa00b148df7aa2637ec67ff3e,false
AccountHistory_Summa Elite-MM_20260501-20260531.qbo,Summa Elite-MM,[ROUTING-REDACTED],[ACCOUNT-REDACTED],SAVINGS,2026-05-13,DEBIT,-1539659.93,Withdrawal,,08018ac0794cc6b863566c75769e9e1c6c7b820c,false
AccountHistory_Summa Elite-MM_20260501-20260531.qbo,Summa Elite-MM,[ROUTING-REDACTED],[ACCOUNT-REDACTED],SAVINGS,2026-05-27,DEBIT,-1000000.00,Withdrawal Draw 21 Summa Elite,,ecc9ea1a022f198a233df8ac76953ccbc595f684,false
AccountHistory_Summa Elite-MM_20260501-20260531.qbo,Summa Elite-MM,[ROUTING-REDACTED],[ACCOUNT-REDACTED],SAVINGS,2026-05-27,DEBIT,-228217.00,Withdrawal,,4273dd6a6a05dc04eecd1167b180c36788292221,false
AccountHistory_Summa Elite-MM_20260501-20260531.qbo,Summa Elite-MM,[ROUTING-REDACTED],[ACCOUNT-REDACTED],SAVINGS,2026-05-31,CREDIT,9988.61,Dividends,,84719bb1779d8d66b980411ca885d01f70d7c08e,false
activity.qbo,activity,,PMDSUUCK4RT99IE|32001,,2026-05-25,DEBIT,-17.18,APPLECOMBILL INTERNET CHARGE CA,AUBREY PALMER-32001-MTZ4NWGXNDA RECORD STORE APPLE.COM/BILL INTERNET CHARGE CA,320261450144277679,false
activity.qbo,activity,,PMDSUUCK4RT99IE|32001,,2026-05-23,DEBIT,-4.83,DOLLARTREE 000008977SALEM UT,AUBREY PALMER-32001-300100188888775308733 DOLLARTREE 000008977 SALEM UT,320261440125694106,false
activity.qbo,activity,,PMDSUUCK4RT99IE|32001,,2026-05-22,DEBIT,-8.58,AMAZON DIGITAL SVCS AMZNCOMBILL,AUBREY PALMER-32001-1IXD705WIH7 DIGITAL AMAZON DIGITAL SVCS AMZN.COM/BILL WA,320261420053136320,false
activity.qbo,activity,,PMDSUUCK4RT99IE|32001,,2026-05-21,DEBIT,-346.81,Southwest Airlines DALLAS TX,AUBREY PALMER-32001-7900424784  (214) 792 - 4223 Southwest Airlines DALLAS TX,320261420053431310,false
activity.qbo,activity,,PMDSUUCK4RT99IE|32001,,2026-05-20,DEBIT,-650.00,RENEWAL MEMBERSHIP FEE,AUBREY PALMER-32001-RENEWAL MEMBERSHIP FEE,320261403988118315,false
activity.qbo,activity,,PMDSUUCK4RT99IE|32001,,2026-05-20,DEBIT,-74.99,SUBWAY SPRINGVILLE UT,AUBREY PALMER-32001-370829      801-491-5089 SUBWAY SPRINGVILLE UT,320261410038188467,false
activity.qbo,activity,,PMDSUUCK4RT99IE|32001,,2026-05-18,DEBIT,-675.00,US DOD COINS 0000000WINTER PARK,AUBREY PALMER-32001-9999999613854CDCB65C22A4348A32792 US DOD COINS 000000001 WINTER PARK FL,320261390981051582,false
activity.qbo,activity,,PMDSUUCK4RT99IE|32001,,2026-05-17,DEBIT,-61.99,QUICKQUACK ROSEVILLE CA,AUBREY PALMER-32001-CH_3TY9TRD1 +18887722792 QUICKQUACK ROSEVILLE CA,320261370898830437,false
activity.qbo,activity,,PMDSUUCK4RT99IE|32001,,2026-05-15,DEBIT,-16.09,Amazon Prime Amazoncom WA,AUBREY PALMER-32001-3ISX8FNERBV SUBSCRIPTION Amazon Prime Amazon.com WA,320261360890193091,false
activity.qbo,activity,,PMDSUUCK4RT99IE|32001,,2026-05-15,DEBIT,-2.14,GOOGLE GOOGLE ONE GCOHELPPAY CA,AUBREY PALMER-32001-A16BFQRP    LARGE DIGITAL GOODS M GOOGLE *GOOGLE ONE G.CO/HELPPAY# CA,320261360871523997,false
activity.qbo,activity,,PMDSUUCK4RT99IE|32001,,2026-05-14,DEBIT,-20.17,ABC40321EOS FITNESSPRINGVILLE UT,AUBREY PALMER-32001-71094476134 888-827-9262 ABC*40321-EOS FITNESS SPRINGVILLE UT,320261340811587200,false
activity.qbo,activity,,PMDSUUCK4RT99IE|32001,,2026-05-13,CREDIT,13.94,MOBILE PAYMENT THANK YOU,AUBREY PALMER-32001-MOBILE PAYMENT - THANK YOU,320261330772808231,false
activity.qbo,activity,,PMDSUUCK4RT99IE|32001,,2026-05-12,DEBIT,-19.58,MCDONALDS F40441 00SALEM UT,AUBREY PALMER-32001-000051407   8012945810 MCDONALD'S F40441 000000000635132 SALEM UT,320261330794346067,false
activity.qbo,activity,,PMDSUUCK4RT99IE|32001,,2026-05-11,DEBIT,-13.94,AMAZON MARKEPLACE NA PA,AUBREY PALMER-32001-67RZT8W1DIH MERCHANDISE AMAZON MARKETPLACE NA PA AMZN.COM/BILL WA,320261320766181193,false
activity.qbo,activity,,PMDSUUCK4RT99IE|32001,,2026-05-11,DEBIT,-14.47,AMAZON MARKEPLACE NA PA,AUBREY PALMER-32001-6LY1IYR2U4P MERCHANDISE AMAZON MARKETPLACE NA PA AMZN.COM/BILL WA,320261320765178563,false
activity.qbo,activity,,PMDSUUCK4RT99IE|32001,,2026-05-11,DEBIT,-94.92,AMAZON MARKEPLACE NA PA,AUBREY PALMER-32001-3YX6SOIL2UK MERCHANDISE AMAZON MARKETPLACE NA PA AMZN.COM/BILL WA,320261320766176932,false
activity.qbo,activity,,PMDSUUCK4RT99IE|32001,,2026-05-09,DEBIT,-198.76,MACEYS 000000000800SPANISH FORK,AUBREY PALMER-32001-000190932   8017989803 MACEY'S 000000000800597 SPANISH FORK UT,320261300685415909,false
activity.qbo,activity,,PMDSUUCK4RT99IE|32001,,2026-05-09,DEBIT,-78.63,OLD NAVY US 5635 SPANISH FORK UT,AUBREY PALMER-32001-056354026170563540261710001 84660 OLD NAVY US 5635 SPANISH FORK UT,320261300696638215,false
activity.qbo,activity,,PMDSUUCK4RT99IE|32001,,2026-05-08,DEBIT,-21.48,ADOBE Adobe Systems SAN JOSE CA,AUBREY PALMER-32001-570329722   ADOBE.LY/ENUS ADOBE Adobe Systems SAN JOSE CA,320261290669618842,false
activity.qbo,activity,,PMDSUUCK4RT99IE|32001,,2026-05-08,DEBIT,-255.18,AMAZON MARKEPLACE NA PA,AUBREY PALMER-32001-C866PWT8ISP MERCHANDISE AMAZON MARKETPLACE NA PA AMZN.COM/BILL WA,320261280650139621,false
activity.qbo,activity,,PMDSUUCK4RT99IE|32001,,2026-05-08,DEBIT,-94.46,AMAZONCOM AMZNCOMBILL WA,AUBREY PALMER-32001-IH2Q1135GZQ BOOK STORES AMAZON.COM AMZN.COM/BILL WA,320261290679069238,false
activity.qbo,activity,,PMDSUUCK4RT99IE|32001,,2026-05-08,DEBIT,-3500.00,RICHARDS KAAS OGDEN UT,AUBREY PALMER-32001-CH_3TUUZHJ2 +18888582546 RICHARDS &amp; KAAS OGDEN UT,320261280624191872,false
activity.qbo,activity,,PMDSUUCK4RT99IE|32001,,2026-05-07,CREDIT,2.14,MOBILE PAYMENT THANK YOU,AUBREY PALMER-32001-MOBILE PAYMENT - THANK YOU,320261270591825196,false
activity.qbo,activity,,PMDSUUCK4RT99IE|32001,,2026-05-05,DEBIT,-2.14,GOOGLE GOOGLE ONE GCOHELPPAY CA,AUBREY PALMER-32001-A167DJ22    COMPUTER STORE GOOGLE *GOOGLE ONE G.CO/HELPPAY# CA,320261260568423795,false
activity.qbo,activity,,PMDSUUCK4RT99IE|32001,,2026-05-04,CREDIT,1054.16,AUTOPAY PAYMENT THANK YOU,AUBREY PALMER-32001-AUTOPAY PAYMENT - THANK YOU,320261240504094066,false
activity.qbo,activity,,PMDSUUCK4RT99IE|32001,,2026-05-04,DEBIT,-44.00,SIMPLE WEIGHTLOSS DOVER DE,AUBREY PALMER-32001-CH_3TTQUNJ2 +18888318861 SIMPLE WEIGHTLOSS DOVER DE,320261240513787274,false
activity.qbo,activity,,PMDSUUCK4RT99IE|32001,,2026-05-02,DEBIT,-21.47,OPENAI CHATGPT SUBSSAN FRANCISCO,AUBREY PALMER-32001-CH_3TSIYUC6 +14158799686 OPENAI *CHATGPT SUBSCR SAN FRANCISCO CA,320261220448125316,false
activity.qbo,activity,,PMDSUUCK4RT99IE|32001,,2026-05-01,DEBIT,-2.99,APPLECOMBILL INTERNET CHARGE CA,AUBREY PALMER-32001-MTZ4M6L66ZA RECORD STORE APPLE.COM/BILL INTERNET CHARGE CA,320261210415390334,false
activity.qbo,activity,,PMDSUUCK4RT99IE|32001,,2026-04-30,DEBIT,-17.83,CHICKFILA 00367 0OREM UT,AUBREY PALMER-32001-000138494   8012240958 CHICK-FIL-A #00367 000000000565854 OREM UT,320261210431223805,false
activity.qbo,activity,,PMDSUUCK4RT99IE|32001,,2026-04-30,CREDIT,2.99,MOBILE PAYMENT THANK YOU,AUBREY PALMER-32001-MOBILE PAYMENT - THANK YOU,320261200378999028,false
activity.qbo,activity,,PMDSUUCK4RT99IE|32001,,2026-04-28,CREDIT,5.00,TURO INC TRIP APR SAN FRANCISCO,AUBREY PALMER-32001-RE_3TPWA7A6 +14159654525 TURO INC.* TRIP APR 27 SAN FRANCISCO CA,320261180346865117,false
activity.qbo,activity,,PMDSUUCK4RT99IE|32001,,2026-04-27,DEBIT,-17.18,APPLECOMBILL INTERNET CHARGE CA,AUBREY PALMER-32001-MTZ4KY3V13A RECORD STORE APPLE.COM/BILL INTERNET CHARGE CA,320261180326022208,false
activity.qbo,activity,,PMDSUUCK4RT99IE|32001,,2026-04-23,DEBIT,-159.02,EXPEDIA 734290623064EXPEDIACOM W,AUBREY PALMER-32001-BJHC7LZHG   TRAVEL EXPEDIA 73429062306404 EXPEDIA.COM WA,320261140222185797,false
activity.qbo,activity,,PMDSUUCK4RT99IE|32001,,2026-04-23,DEBIT,-508.60,EXPEDIACOM SEATTLE WA,AUBREY PALMER-32001-042409      AIRLINE/AIR CARRIER EXPEDIA.COM SEATTLE WA,320261140212056143,false
activity.qbo,activity,,PMDSUUCK4RT99IE|32001,,2026-04-23,DEBIT,-118.44,TURO INC TRIP APR SAN FRANCISCO,AUBREY PALMER-32001-CH_3TPWA7A6 +14159654525 TURO INC.* TRIP APR 27 SAN FRANCISCO CA,320261150244314699,false
activity.qbo,activity,,PMDSUUCK4RT99IE|32001,,2026-04-22,DEBIT,-8.59,AMAZON DIGITAL SVCS AMZNCOMBILL,AUBREY PALMER-32001-3ZHW96CY7X8 DIGITAL AMAZON DIGITAL SVCS AMZN.COM/BILL WA,320261120148479475,false
activity.qbo,activity,,PMDSUUCK4RT99IE|32001,,2026-04-17,DEBIT,-61.99,QUICKQUACK ROSEVILLE CA,AUBREY PALMER-32001-CH_3TNHARD1 +18887722792 QUICKQUACK ROSEVILLE CA,320261070001157356,false
activity.qbo,activity,,PMDSUUCK4RT99IE|32001,,2026-04-17,DEBIT,-6.31,USPS PO 4976840653 0SALEM UT,AUBREY PALMER-32001-10716100365 8002758777 USPS PO 4976840653 001380475 SALEM UT,320261080044545497,false
activity.qbo,activity,,PMDSUUCK4RT99IE|32001,,2026-04-17,DEBIT,-40.00,USPS PO 4976840653 0SALEM UT,AUBREY PALMER-32001-10716100366 8002758777 USPS PO 4976840653 001380475 SALEM UT,320261080047030099,false
activity.qbo,activity,,PMDSUUCK4RT99IE|32001,,2026-04-16,DEBIT,-48.55,CAFE ZUPAS SANDY UT,AUBREY PALMER-32001-CH_3TMZL4CL +18018784536 CAFE ZUPAS SANDY UT,320261070022645865,false
activity.qbo,activity,,PMDSUUCK4RT99IE|32001,,2026-04-15,DEBIT,-16.11,Amazon Prime Amazoncom WA,AUBREY PALMER-32001-5DHAFZXGD31 SUBSCRIPTION Amazon Prime Amazon.com WA,320261060991664132,false
activity.qbo,activity,,PMDSUUCK4RT99IE|32001,,2026-04-15,DEBIT,-190.00,COMPREHENSIVE PSYCHOSALT LAKE CI,AUBREY PALMER-32001-73011006106 MEDICAL SERVICE COMPREHENSIVE PSYCHOLOGIC 579000000002 SALT LAKE CIT UT,320261060967632035,false
activity.qbo,activity,,PMDSUUCK4RT99IE|32001,,2026-04-15,DEBIT,-2.14,GOOGLE GOOGLE ONE GCOHELPPAY CA,AUBREY PALMER-32001-A15VGT33    DIGITAL GOODS: APPS GOOGLE *GOOGLE ONE G.CO/HELPPAY# CA,320261060971075517,false
activity.qbo,activity,,PMDSUUCK4RT99IE|32001,,2026-04-14,DEBIT,-20.17,ABC40321EOS FITNESSPRINGVILLE UT,AUBREY PALMER-32001-71094476104 888-827-9262 ABC*40321-EOS FITNESS SPRINGVILLE UT,320261040918030970,false
activity.qbo,activity,,PMDSUUCK4RT99IE|32001,,2026-04-12,DEBIT,-16.11,Amazon Prime Amazoncom WA,AUBREY PALMER-32001-JXS6CLK3X6O SUBSCRIPTION Amazon Prime Amazon.com WA,320261020856115511,false
activity.qbo,activity,,PMDSUUCK4RT99IE|32001,,2026-04-05,DEBIT,-2.14,GOOGLE GOOGLE ONE GCOHELPPAY CA,AUBREY PALMER-32001-A15Q57A4    DIGITAL GOODS: APPS GOOGLE *GOOGLE ONE G.CO/HELPPAY# CA,320260960685131525,false
activity.qbo,activity,,PMDSUUCK4RT99IE|32001,,2026-04-05,DEBIT,-2.22,TURO INC TRIP MAR SAN FRANCISCO,AUBREY PALMER-32001-CH_3TJ3WSA6 +14159654525 TURO INC.* TRIP MAR 26 SAN FRANCISCO CA,320260960693625904,false
activity.qbo,activity,,PMDSUUCK4RT99IE|32001,,2026-04-04,CREDIT,4383.15,AUTOPAY PAYMENT THANK YOU,AUBREY PALMER-32001-AUTOPAY PAYMENT - THANK YOU,320260940619866863,false
activity.qbo,activity,,PMDSUUCK4RT99IE|32001,,2026-04-04,DEBIT,-16.13,CANVA I04841382870AUSTIN TX,AUBREY PALMER-32001-CH_2TIXVXK8 +17372853388 CANVA* I04841-38287012 AUSTIN TX,320260940627347141,false
activity.qbo,activity,,PMDSUUCK4RT99IE|32001,,2026-04-04,DEBIT,-44.00,SIMPLE PREMIUM DOVER DE,AUBREY PALMER-32001-CH_3TIYCLJ2 +18888318861 SIMPLE PREMIUM DOVER DE,320260940630322862,false
activity.qbo,activity,,PMDSUUCK4RT99IE|32001,,2026-04-04,DEBIT,-169.71,TJ MAXX 1484 0000SPANISH FORK UT,AUBREY PALMER-32001-23020338732108794           01701 T.J. MAXX #1484 000001484 SPANISH FORK UT,320260950667225866,false
activity.qbo,activity,,PMDSUUCK4RT99IE|32001,,2026-04-03,DEBIT,-65.30,SMITHS FUEL 9271 000SPRINGVILLE,AUBREY PALMER-32001-99999996093 8666111979 SMITHS FUEL 9271 000009271 SPRINGVILLE UT,320260940647294734,false
activity.qbo,activity,,PMDSUUCK4RT99IE|32001,,2026-04-01,DEBIT,-2.99,APPLECOMBILL INTERNET CHARGE CA,AUBREY PALMER-32001-MTZ4J7494HA RECORD STORE APPLE.COM/BILL INTERNET CHARGE CA,320260910530747410,false
activity.qbo,activity,,PMDSUUCK4RT99IE|32001,,2026-03-29,DEBIT,-20.07,TURO INC TRIP MAR SAN FRANCISCO,AUBREY PALMER-32001-CH_3TGVFOA6 +14159654525 TURO INC.* TRIP MAR 26 SAN FRANCISCO CA,320260890491678481,false
activity.qbo,activity,,PMDSUUCK4RT99IE|32001,,2026-03-28,DEBIT,-154.79,Residence Inn By MarBedford TX,AUBREY PALMER-32001-FG 99806    8173542222 Residence Inn By Marriott Dall Bedford TX,320260870425152501,false
activity.qbo,activity,,PMDSUUCK4RT99IE|32001,,2026-03-27,DEBIT,-17.18,APPLECOMBILL INTERNET CHARGE CA,AUBREY PALMER-32001-MV0DK90NT0A RECORD STORE APPLE.COM/BILL INTERNET CHARGE CA,320260870419738732,false
activity.qbo,activity,,PMDSUUCK4RT99IE|32001,,2026-03-24,DEBIT,-166.24,TURO INC TRIP MAR SAN FRANCISCO,AUBREY PALMER-32001-CH_3TEA0HA6 +14159654525 TURO INC.* TRIP MAR 26 SAN FRANCISCO CA,320260850363847031,false
activity.qbo,activity,,PMDSUUCK4RT99IE|32001,,2026-03-18,CREDIT,60.41,ADJUST MEMBERSHIP FEE,AUBREY PALMER-32001-ADJUST MEMBERSHIP FEE,320260773121764910,false
activity.qbo,activity,,PMDSUUCK4RT99IE|32001,,2026-03-18,DEBIT,-834.79,DELTA AIR LINES,AUBREY PALMER-32001-18002211212 DELTA AIR LINES ATLANTA,320260770139187151,false
activity.qbo,activity,,PMDSUUCK4RT99IE|32001,,2026-03-18,DEBIT,-111.58,RENEWAL MEMBERSHIP FEE,AUBREY PALMER-32001-RENEWAL MEMBERSHIP FEE,320260773121764911,false
activity.qbo,activity,,PMDSUUCK4RT99IE|32001,,2026-03-17,DEBIT,-25.79,DESCRIPT SAN FRANCISCO CA,AUBREY PALMER-32001-CH_3TC6YZAP +14152317449 DESCRIPT SAN FRANCISCO CA,320260770143344065,false
activity.qbo,activity,,PMDSUUCK4RT99IE|32001,,2026-03-17,DEBIT,-61.99,QUICKQUACK ROSEVILLE CA,AUBREY PALMER-32001-CH_3TC2MQD1 +18887722792 QUICKQUACK ROSEVILLE CA,320260760097333395,false
activity.qbo,activity,,PMDSUUCK4RT99IE|32001,,2026-03-15,DEBIT,-2.14,GOOGLE GOOGLE ONE GCOHELPPAY CA,AUBREY PALMER-32001-A15DZ0HI    DIGITAL GOODS: GAMES GOOGLE *GOOGLE ONE G.CO/HELPPAY# CA,320260750069308386,false
activity.qbo,activity,,PMDSUUCK4RT99IE|32001,,2026-03-14,DEBIT,-20.17,ABC40321EOS FITNESSPRINGVILLE UT,AUBREY PALMER-32001-71094476073 888-827-9262 ABC*40321-EOS FITNESS SPRINGVILLE UT,320260730017505135,false
activity.qbo,activity,,PMDSUUCK4RT99IE|32001,,2026-03-11,DEBIT,-354.50,IN MCCLURE STEWARMURRAY UT,AUBREY PALMER-32001-070I149Z6TD21652            84107 IN *MCCLURE &amp; STEWART TAX RESOLUTIONS MURRAY UT,320260700924703220,false
activity.qbo,activity,,PMDSUUCK4RT99IE|32001,,2026-03-11,CREDIT,300.00,KAPA0001 30000 credit,AUBREY PALMER-32001-IN *MCCLURE &amp; STEWART TAX KAPA:0001 300.00 credit,320260710948524231,false
activity.qbo,activity,,PMDSUUCK4RT99IE|32001,,2026-03-11,DEBIT,-37.60,MCAFEEAUTORENEWAL 8666223911 TX,AUBREY PALMER-32001-CS381228904 SECURITY SVS MCAFEE*AUTORENEWAL 866-622-3911 TX,320260700926981132,false
activity.qbo,activity,,PMDSUUCK4RT99IE|32001,,2026-03-05,DEBIT,-2.14,GOOGLE GOOGLE ONE GCOHELPPAY CA,AUBREY PALMER-32001-A158HHKW    DIGITAL GOODS: APPS GOOGLE *GOOGLE ONE G.CO/HELPPAY# CA,320260650785226815,false
activity.qbo,activity,,PMDSUUCK4RT99IE|32001,,2026-03-05,DEBIT,-16.56,SUBWAY SPANISH FORK UT,AUBREY PALMER-32001-471679      801-794-0700 SUBWAY SPANISH FORK UT,320260650799900607,false
activity.qbo,activity,,PMDSUUCK4RT99IE|32001,,2026-03-04,DEBIT,-17.50,AMAZON MARKEPLACE NA PA,AUBREY PALMER-32001-250JGLS3LFD MERCHANDISE AMAZON MARKETPLACE NA PA AMZN.COM/BILL WA,320260640762687425,false
activity.qbo,activity,,PMDSUUCK4RT99IE|32001,,2026-03-04,CREDIT,1072.61,AUTOPAY PAYMENT THANK YOU,AUBREY PALMER-32001-AUTOPAY PAYMENT - THANK YOU,320260630722915708,false
activity.qbo,activity,,PMDSUUCK4RT99IE|32001,,2026-03-04,DEBIT,-16.13,CANVA I04810556841CAMDEN DE,AUBREY PALMER-32001-CH_2T7J9QK8 +17372853388 CANVA* I04810-55684113 CAMDEN DE,320260630728904742,false
activity.qbo,activity,,PMDSUUCK4RT99IE|32001,,2026-03-04,DEBIT,-44.00,SIMPLE PREMIUM DOVER DE,AUBREY PALMER-32001-CH_3T7LIUJ2 +18888318861 SIMPLE PREMIUM DOVER DE,320260630729110796,false
activity.qbo,activity,,PMDSUUCK4RT99IE|32001,,2026-03-02,DEBIT,-80.27,AMAZON MARKEPLACE NA PA,AUBREY PALMER-32001-6YAIVRYALVP MERCHANDISE AMAZON MARKETPLACE NA PA AMZN.COM/BILL WA,320260620711567971,false
activity.qbo,activity,,PMDSUUCK4RT99IE|32001,,2026-03-02,DEBIT,-161.69,AMAZON MARKEPLACE NA PA,AUBREY PALMER-32001-6IPOG82B4DE MERCHANDISE AMAZON MARKETPLACE NA PA AMZN.COM/BILL WA,320260630727388328,false
activity.qbo,activity,,PMDSUUCK4RT99IE|32001,,2026-03-01,DEBIT,-2.99,APPLECOMBILL INTERNET CHARGE CA,AUBREY PALMER-32001-MTZ4F9T1YKA RECORD STORE APPLE.COM/BILL INTERNET CHARGE CA,320260600639733772,false
activity.qbo,activity,,PMDSUUCK4RT99IE|32001,,2026-03-01,DEBIT,-26.10,JERSEY MIKES 17032 1MESQUITE NV,AUBREY PALMER-32001-03100084    725-204-4980 JERSEY MIKES 17032 17032 MESQUITE NV,320260620717408230,false
activity.qbo,activity,,PMDSUUCK4RT99IE|32001,,2026-03-01,DEBIT,-32.65,MAVERIK 585 0000000ST GEORGE UT,AUBREY PALMER-32001-000286029   8007897755 MAVERIK #585 000000000445147 ST. GEORGE UT,320260610668694176,false
activity.qbo,activity,,PMDSUUCK4RT99IE|32001,,2026-03-01,DEBIT,-51.25,SAMS CLUB FUEL 4830AVONDALE AZ,AUBREY PALMER-32001-60600052820 AUTO FUEL DISPENSER SAM'S CLUB FUEL 4830 4830 AVONDALE AZ,320260600641620152,false
activity.qbo,activity,,PMDSUUCK4RT99IE|32001,,2026-03-01,DEBIT,-33.07,USA TRAVEL CENTER KINGMAN AZ,AUBREY PALMER-32001-00022129    602-413-2942 USA TRAVEL CENTER KINGMAN AZ,320260610680667539,false
activity.qbo,activity,,PMDSUUCK4RT99IE|32001,,2026-03-01,DEBIT,-34.20,USA TRAVEL CENTER KINGMAN AZ,AUBREY PALMER-32001-00022120    602-413-2942 USA TRAVEL CENTER KINGMAN AZ,320260610680652828,false
activity.qbo,activity,,PMDSUUCK4RT99IE|32001,,2026-02-28,DEBIT,-24.24,BB DINER GOODYEAR 4GOODYEAR AZ,AUBREY PALMER-32001-99999996060 6239322968 BB DINER GOODYEAR #44 OLO 000009044 GOODYEAR AZ,320260600646463111,false
activity.qbo,activity,,PMDSUUCK4RT99IE|32001,,2026-02-28,DEBIT,-509.56,QUALITY INN SUITESGOODYEAR AZ,AUBREY PALMER-32001-74996875    623-932-9191 QUALITY INN &amp; SUITES AZ304 GOODYEAR AZ,320260590613080849,false
activity.qbo,activity,,PMDSUUCK4RT99IE|32001,,2026-02-27,DEBIT,-37.66,1130 NORTH 100 WEST PAROWAN UT,AUBREY PALMER-32001-00000008070 4354773311 1130 NORTH 100 WEST 10083954015 PAROWAN UT,320260590621262595,false
activity.qbo,activity,,PMDSUUCK4RT99IE|32001,,2026-02-27,DEBIT,-17.18,APPLECOMBILL INTERNET CHARGE CA,AUBREY PALMER-32001-MTZ4D4FWXVA RECORD STORE APPLE.COM/BILL INTERNET CHARGE CA,320260590609705656,false
activity.qbo,activity,,PMDSUUCK4RT99IE|32001,,2026-02-27,DEBIT,-73.33,MAVERIK 279 0000000SPRINGVILLE U,AUBREY PALMER-32001-000487354   9999999999 MAVERIK #279 000000000897426 SPRINGVILLE UT,320260590627458489,false
activity.qbo,activity,,PMDSUUCK4RT99IE|32001,,2026-02-26,DEBIT,-9.99,APPLECOMBILL INTERNET CHARGE CA,AUBREY PALMER-32001-MSHNH7SJHVA RECORD STORE APPLE.COM/BILL INTERNET CHARGE CA,320260580577677496,false
activity.qbo,activity,,PMDSUUCK4RT99IE|32001,,2026-02-26,DEBIT,-507.26,SAMS CLUB 6685 6685PROVO UT,AUBREY PALMER-32001-60576000570 WHOLESALE CLUB SAM'S CLUB 6685 6685 PROVO UT,320260570545846179,false
activity.qbo,activity,,PMDSUUCK4RT99IE|32001,,2026-02-19,DEBIT,-1597.23,DISCOUNT TIRE UTS 24SPANISH FORK,AUBREY PALMER-32001-0-20-401    8887746560 DISCOUNT TIRE UTS 24 000002138 SPANISH FORK UT,320260510395915847,false
activity.qbo,activity,,PMDSUUCK4RT99IE|32001,,2026-02-17,DEBIT,-25.79,DESCRIPT SAN FRANCISCO CA,AUBREY PALMER-32001-CH_3T1XJBAP +14152317449 DESCRIPT SAN FRANCISCO CA,320260480321254087,false
activity.qbo,activity,,PMDSUUCK4RT99IE|32001,,2026-02-17,DEBIT,-61.99,QUICKQUACK ROSEVILLE CA,AUBREY PALMER-32001-CH_3T1T31D1 +18887722792 QUICKQUACK ROSEVILLE CA,320260480301293174,false
activity.qbo,activity,,PMDSUUCK4RT99IE|32001,,2026-02-15,DEBIT,-3.00,CTLPCSC SERVICEWORKMELVILLE NY,AUBREY PALMER-32001-80400676    844-272-9675 CTLP*CSC SERVICEWORKS MELVILLE NY,320260470282516905,false
activity.qbo,activity,,PMDSUUCK4RT99IE|32001,,2026-02-15,DEBIT,-2.14,GOOGLE GOOGLE ONE GCOHELPPAY CA,AUBREY PALMER-32001-A14WLM0O    DIGITAL GOODS: GAMES GOOGLE *GOOGLE ONE G.CO/HELPPAY# CA,320260470273708303,false
activity.qbo,activity,,PMDSUUCK4RT99IE|32001,,2026-02-14,DEBIT,-20.17,ABC40321EOS FITNESSPRINGVILLE UT,AUBREY PALMER-32001-71094476045 888-827-9262 ABC*40321-EOS FITNESS SPRINGVILLE UT,320260450221556179,false
activity.qbo,activity,,PMDSUUCK4RT99IE|32001,,2026-02-13,DEBIT,-3.00,CTLPCSC SERVICEWORKMELVILLE NY,AUBREY PALMER-32001-80225818    844-272-9675 CTLP*CSC SERVICEWORKS MELVILLE NY,320260450230766739,false
activity.qbo,activity,,PMDSUUCK4RT99IE|32001,,2026-02-13,DEBIT,-6.44,PRIME VIDEO CHANNELSAMZNCOMBILL,AUBREY PALMER-32001-5T2374XE8YM DIGITAL PRIME VIDEO CHANNELS AMZN.COM/BILL WA,320260440186129089,false
activity.qbo,activity,,PMDSUUCK4RT99IE|32001,,2026-02-09,DEBIT,-12.02,ATOLEA JEWE 0601097420 FR,AUBREY PALMER-32001-10202994509 0601097420 ATOLEA JEWE 0601097420 FR,320260410104187312,false
activity.qbo,activity,,PMDSUUCK4RT99IE|32001,,2026-02-09,DEBIT,-13.14,ATOLEA JEWE 0601097420 FR,AUBREY PALMER-32001-10202994614 0601097420 ATOLEA JEWE 0601097420 FR,320260410104188583,false
activity.qbo,activity,,PMDSUUCK4RT99IE|32001,,2026-02-09,DEBIT,-18.90,ATOLEA JEWE 0601097420 FR,AUBREY PALMER-32001-10202994574 0601097420 ATOLEA JEWE 0601097420 FR,320260410105083912,false
activity.qbo,activity,,PMDSUUCK4RT99IE|32001,,2026-02-09,DEBIT,-124.51,ATOLEA JEWE 0601097420 FR,AUBREY PALMER-32001-10202994462 0601097420 ATOLEA JEWE 0601097420 FR,320260410105082658,false
activity.qbo,activity,,PMDSUUCK4RT99IE|32001,,2026-02-05,DEBIT,-2.14,GOOGLE GOOGLE ONE GCOHELPPAY CA,AUBREY PALMER-32001-A14QURS7    DIGITAL GOODS: APPS GOOGLE *GOOGLE ONE G.CO/HELPPAY# CA,320260370993551106,false
activity.qbo,activity,,PMDSUUCK4RT99IE|32001,,2026-02-05,DEBIT,-111.26,SP WALLI CASESLLC ALPINE UT,AUBREY PALMER-32001-CH_3SXXHMFT +12088755208 SP WALLI CASESLLC ALPINE UT,320260360960565466,false
activity.qbo,activity,,PMDSUUCK4RT99IE|32001,,2026-02-04,CREDIT,1373.10,AUTOPAY PAYMENT THANK YOU,AUBREY PALMER-32001-AUTOPAY PAYMENT - THANK YOU,320260350930303018,false
activity.qbo,activity,,PMDSUUCK4RT99IE|32001,,2026-02-04,DEBIT,-18.05,CHEVRON 0208545CHEVSPRINGVILLE U,AUBREY PALMER-32001-00208545 45 SERVICE STN CHEVRON 0208545/CHEVRON SPRINGVILLE UT,320260360982221758,false
activity.qbo,activity,,PMDSUUCK4RT99IE|32001,,2026-02-01,DEBIT,-2.99,APPLECOMBILL INTERNET CHARGE CA,AUBREY PALMER-32001-MTZ49FX7NFA RECORD STORE APPLE.COM/BILL INTERNET CHARGE CA,320260320853935303,false
activity.qbo,activity,,PMDSUUCK4RT99IE|32001,,2026-01-28,CREDIT,67.62,TURO INC TRIP JAN SAN FRANCISCO,AUBREY PALMER-32001-RE_3STZ48A6 +14159654525 TURO INC.* TRIP JAN 27 SAN FRANCISCO CA,320260280740300962,false
activity.qbo,activity,,PMDSUUCK4RT99IE|32001,,2026-01-27,DEBIT,-17.18,APPLECOMBILL INTERNET CHARGE CA,AUBREY PALMER-32001-MTZ48281X5A RECORD STORE APPLE.COM/BILL INTERNET CHARGE CA,320260280745501042,false
activity.qbo,activity,,PMDSUUCK4RT99IE|32001,,2026-01-27,DEBIT,-139.58,EXPEDIA 733583177608EXPEDIACOM W,AUBREY PALMER-32001-40F6RABHA3M 8777877186 / frdss@ex EXPEDIA 73358317760875 EXPEDIA.COM WA,320260270729462140,false
activity.qbo,activity,,PMDSUUCK4RT99IE|32001,,2026-01-27,DEBIT,-139.25,TURO INC TRIP JAN SAN FRANCISCO,AUBREY PALMER-32001-CH_3SULPVA6 +14159654525 TURO INC.* TRIP JAN 27 SAN FRANCISCO CA,320260270735508481,false
activity.qbo,activity,,PMDSUUCK4RT99IE|32001,,2026-01-26,DEBIT,-9.99,APPLECOMBILL INTERNET CHARGE CA,AUBREY PALMER-32001-MSHND880XJA RECORD STORE APPLE.COM/BILL INTERNET CHARGE CA,320260270721342178,false
activity.qbo,activity,,PMDSUUCK4RT99IE|32001,,2026-01-26,DEBIT,-108.57,TURO INC TRIP JAN SAN FRANCISCO,AUBREY PALMER-32001-CH_3STZ48A6 +14159654525 TURO INC.* TRIP JAN 27 SAN FRANCISCO CA,320260270717968919,false
activity.qbo,activity,,PMDSUUCK4RT99IE|32001,,2026-01-23,DEBIT,-232.50,UTAHDMV RENEWAL EXPSALT LAKE CIT,AUBREY PALMER-32001-62841807    GOVT SERVICS UTAH-DMV RENEWAL EXP SALT LAKE CITY UT,320260240655545121,false
AccountHistory (1).qbo,(1),[ROUTING-REDACTED],313240148560,CHECKING,2026-03-09,DEBIT,-3752.68,POS  BBQGUYS*19124012       BBQG,POS BBQGUYS*19124012 BBQGUYS.COM LAUS,96c2a2bf95577448b1bb5dbd091a6568303eda9b,false
AccountHistory (1).qbo,(1),[ROUTING-REDACTED],313240148560,CHECKING,2026-03-11,DEBIT,-772.19,POS  WF *WAYFAIR4371741136  866-,POS WF *WAYFAIR4371741136 866-263-8325 MAUS,5b0c81ae2e82a9d273ccf024480c11b7f9b33d7a,false
AccountHistory (1).qbo,(1),[ROUTING-REDACTED],313240148560,CHECKING,2026-03-11,DEBIT,-772.19,POS  WF *WAYFAIR4411920466  866-,POS WF *WAYFAIR4411920466 866-263-8325 MAUS,44b731b256a4e750dba82372b0a31ea8f75117e3,false
AccountHistory (1).qbo,(1),[ROUTING-REDACTED],313240148560,CHECKING,2026-03-11,DEBIT,-1450.00,Ext WD RICKS AND COMPAN  - RICKS,Ext WD RICKS AND COMPAN - RICKS AND,733036dbf8d9eeab2ddd6b9d626dbdd301e41770,false
AccountHistory (1).qbo,(1),[ROUTING-REDACTED],313240148560,CHECKING,2026-03-16,DEBIT,-4804.32,Ext WD ROCKYMTN/PACIFIC  - POWER,Ext WD ROCKYMTN/PACIFIC - POWER BILL 840260361ACHPAY,320598c955038c9189cb86bb9f4ee9d3890c7683,false
AccountHistory (1).qbo,(1),[ROUTING-REDACTED],313240148560,CHECKING,2026-03-18,DEBIT,-512.43,POS  IN *M GRAPHICS AND SIGN801-,POS IN *M GRAPHICS AND SIGN801-7481177 UTUS,f040efa2b87069edd70cce657e511c024ada9127,false
AccountHistory (1).qbo,(1),[ROUTING-REDACTED],313240148560,CHECKING,2026-03-20,DEBIT,-5000.00,Domestic Wire Withdrawal Outgoin,Domestic Wire Withdrawal Outgoing Seq 134123 Arixa Cap,57b70a653c94b150bd9d42585f789d9781b65944,false
AccountHistory (1).qbo,(1),[ROUTING-REDACTED],313240148560,CHECKING,2026-03-20,DEBIT,-15.00,Domestic Wire Wth Fee Domestic O,Domestic Wire Wth Fee Domestic Outgoing Wire Fee 13412,ad98c98b392df5852ce95a8500376b7f0daffb8c,false
AccountHistory (1).qbo,(1),[ROUTING-REDACTED],313240148560,CHECKING,2026-03-23,CREDIT,1482696.66,Domestic Wire Deposit Incoming S,Domestic Wire Deposit Incoming Seq 95783405 ARIXA ENHA,9f32eeaa411d8c4baf8b4f70b956aec9dc9101d3,false
AccountHistory (1).qbo,(1),[ROUTING-REDACTED],313240148560,CHECKING,2026-03-23,DEBIT,-10.00,Domestic Wire Deposit Fee Domest,Domestic Wire Deposit Fee Domestic Incoming Wire Fee 9,703aca1ed44ece47a3c3dd8149c57b86306992c2,false
AccountHistory (1).qbo,(1),[ROUTING-REDACTED],313240148560,CHECKING,2026-03-24,CHECK,-200.00,Check,,41f0f0c7df4a9868cb2d2c378e59af097a76a446,false
AccountHistory (1).qbo,(1),[ROUTING-REDACTED],313240148560,CHECKING,2026-03-24,DEBIT,-70604.60,Withdrawal CM Fees on HLN,,1fd364682c7921e72b49159858f3a8feea95451e,false
AccountHistory (1).qbo,(1),[ROUTING-REDACTED],313240148560,CHECKING,2026-03-25,CHECK,-2646.00,Check,,cc4485b3962942a0de1884139d22339ad07e2450,false
AccountHistory (1).qbo,(1),[ROUTING-REDACTED],313240148560,CHECKING,2026-03-25,CHECK,-1204.00,Check,,8be276fe971e21a6f586f957dccb00cc1c45fdec,false
AccountHistory (1).qbo,(1),[ROUTING-REDACTED],313240148560,CHECKING,2026-03-25,CHECK,-129318.71,Check,,499a40f2f8c5e72928848da2ef145b747d6b8991,false
AccountHistory (1).qbo,(1),[ROUTING-REDACTED],313240148560,CHECKING,2026-03-26,CHECK,-45954.77,Check,,4ec7c022b4bcc3af4f17caa8efc97f9ea6683bfa,false
AccountHistory (1).qbo,(1),[ROUTING-REDACTED],313240148560,CHECKING,2026-03-26,CHECK,-1203.24,Check,,c49101a1480021d2e09352e1502c40ce70bda2d0,false
AccountHistory (1).qbo,(1),[ROUTING-REDACTED],313240148560,CHECKING,2026-03-26,CHECK,-88893.94,Check,,8ee16864c9a1e817488e59fe88f645fa88db241f,false
AccountHistory (1).qbo,(1),[ROUTING-REDACTED],313240148560,CHECKING,2026-03-26,CHECK,-11250.37,Check,,30dee4f04f7c2cd4c31c9c8cd20f53d2f06a165d,false
AccountHistory (1).qbo,(1),[ROUTING-REDACTED],313240148560,CHECKING,2026-03-26,CHECK,-6000.00,Check,,d0ace8caa9244a41410697ca9c4562a51e12a020,false
AccountHistory (1).qbo,(1),[ROUTING-REDACTED],313240148560,CHECKING,2026-03-26,CHECK,-1000.00,Check,,1f9e9ce0338f022e09296e25ce7bc3baed3162c0,false
AccountHistory (1).qbo,(1),[ROUTING-REDACTED],313240148560,CHECKING,2026-03-26,CHECK,-148942.56,Check,,1459fbd2a2636b4cdd1be49392e1214aee2c3f22,false
AccountHistory (1).qbo,(1),[ROUTING-REDACTED],313240148560,CHECKING,2026-03-26,CHECK,-110732.25,Check,,f199053cb7048d71939f0c48e120abe0e6305a3d,false
AccountHistory (1).qbo,(1),[ROUTING-REDACTED],313240148560,CHECKING,2026-03-26,CHECK,-13090.39,Check,,0fbd51e240d0d37cd6da95478290eced27c45de2,false
AccountHistory (1).qbo,(1),[ROUTING-REDACTED],313240148560,CHECKING,2026-03-27,CHECK,-100963.25,Check,,3d6becb11735612ca95d0e8703216e5c143c6196,false
AccountHistory (1).qbo,(1),[ROUTING-REDACTED],313240148560,CHECKING,2026-03-27,CHECK,-39120.00,Check,,39d9c04fc8187878ea2969e4ad95994d097b0e24,false
AccountHistory (1).qbo,(1),[ROUTING-REDACTED],313240148560,CHECKING,2026-03-27,CHECK,-49604.01,Check,,3d3a4b713b1102baea945853445d19ddb9957452,false
AccountHistory (1).qbo,(1),[ROUTING-REDACTED],313240148560,CHECKING,2026-03-27,CHECK,-10631.72,Check,,89b4a21cada39df653c64e113992cd3f3c934f97,false
AccountHistory (1).qbo,(1),[ROUTING-REDACTED],313240148560,CHECKING,2026-03-27,CHECK,-313302.59,Check,,5853f7fe4b14113648c2616637f9ac822416f28d,false
AccountHistory (1).qbo,(1),[ROUTING-REDACTED],313240148560,CHECKING,2026-03-28,DEBIT,-1132.46,POS  AMAZON.COM             SEAT,POS AMAZON.COM SEATTLE WAUS,4f9255632f86267488548a9098397243cc8aabf5,false
AccountHistory (1).qbo,(1),[ROUTING-REDACTED],313240148560,CHECKING,2026-03-30,CHECK,-539.97,Check,,3c7947c47561bffc3120633d5aeef5c42ee13763,false
AccountHistory (1).qbo,(1),[ROUTING-REDACTED],313240148560,CHECKING,2026-03-30,CHECK,-109226.25,Check,,ef60d81a4c5a55bfed361c55c9d570d0a75ba0c6,false
AccountHistory (1).qbo,(1),[ROUTING-REDACTED],313240148560,CHECKING,2026-03-31,CHECK,-500.00,Check,,4e38b2c427da7df10e6d487817e6aa6a88c814ff,false
AccountHistory (1).qbo,(1),[ROUTING-REDACTED],313240148560,CHECKING,2026-03-31,CHECK,-73058.36,Check,,21bc142f07791655454bead4b507406300f36abb,false
AccountHistory (1).qbo,(1),[ROUTING-REDACTED],313240148560,CHECKING,2026-03-31,CHECK,-5038.50,Check,,bd9285ff963d0f7674bb0455ba13239990e6c86d,false
AccountHistory (1).qbo,(1),[ROUTING-REDACTED],313240148560,CHECKING,2026-03-31,CHECK,-994.21,Check,,9d55dda4fc8367a03ef5f5882e1337f64bfb4376,false
AccountHistory (1).qbo,(1),[ROUTING-REDACTED],313240148560,CHECKING,2026-03-31,CHECK,-328.50,Check,,d5f4966548731bf0333194eebcc7da6d96859525,false
AccountHistory (1).qbo,(1),[ROUTING-REDACTED],313240148560,CHECKING,2026-04-01,CHECK,-1590.00,Check,,ba58ed66f1d3454cad054b7e0ebabf668b067f9a,false
AccountHistory (1).qbo,(1),[ROUTING-REDACTED],313240148560,CHECKING,2026-04-01,CHECK,-1301.04,Check,,d2236f7c8d0e65b996c1b2488632b26c8642b7c6,false
AccountHistory (1).qbo,(1),[ROUTING-REDACTED],313240148560,CHECKING,2026-04-01,CHECK,-12000.00,Check,,d51cfcd1cbfa2e930988392ac10c2a24bb8bea10,false
AccountHistory (1).qbo,(1),[ROUTING-REDACTED],313240148560,CHECKING,2026-04-01,CHECK,-16965.65,Check,,c66353a3665c0bca51eeba4f1c1dc4a94ea72094,false
AccountHistory (1).qbo,(1),[ROUTING-REDACTED],313240148560,CHECKING,2026-04-02,CHECK,-9942.75,Check,,575eb1fa576fc20a94a55fff0800d2417e15a931,false
AccountHistory (1).qbo,(1),[ROUTING-REDACTED],313240148560,CHECKING,2026-04-02,CHECK,-1327.86,Check,,415bf85398e80c4fc99f80d9652712cd88d836f5,false
AccountHistory (1).qbo,(1),[ROUTING-REDACTED],313240148560,CHECKING,2026-04-02,CHECK,-13858.07,Check,,05a6ad1845d152889a12f458fd21d87778eefc57,false
AccountHistory (1).qbo,(1),[ROUTING-REDACTED],313240148560,CHECKING,2026-04-02,CHECK,-2550.00,Check,,2180b043c6c2aa99c30864c4bea671d6cb28b77a,false
AccountHistory (1).qbo,(1),[ROUTING-REDACTED],313240148560,CHECKING,2026-04-06,CHECK,-6744.25,Check,,a30567729b6577297ca2fe284fba01480b5dd9db,false
AccountHistory (1).qbo,(1),[ROUTING-REDACTED],313240148560,CHECKING,2026-04-06,CHECK,-5919.14,Check,,75ef9c2c72b61d5826310f5a1d22bc05b3ec8658,false
AccountHistory (1).qbo,(1),[ROUTING-REDACTED],313240148560,CHECKING,2026-04-07,CHECK,-321.75,Check,,fad87d0227b2a3084918270ed90187b4836e1d52,false
AccountHistory (1).qbo,(1),[ROUTING-REDACTED],313240148560,CHECKING,2026-04-07,CHECK,-675.00,Check,,9d1e7a7a589ed1b9b357cbc9f9fdba3756a1eb70,false
AccountHistory (1).qbo,(1),[ROUTING-REDACTED],313240148560,CHECKING,2026-04-08,DEBIT,-3693.86,Ext WD ROCKYMTN/PACIFIC  - POWER,Ext WD ROCKYMTN/PACIFIC - POWER BILL 425841859ACHPAY,259e3c759f7f36e00ba9b6b5086fd708e162ea4c,false
AccountHistory (1).qbo,(1),[ROUTING-REDACTED],313240148560,CHECKING,2026-04-08,CHECK,-77326.13,Check,,4577eb3f4e6eebf865cd60c5c81176dae3bcc373,false
AccountHistory (1).qbo,(1),[ROUTING-REDACTED],313240148560,CHECKING,2026-04-08,CHECK,-9.61,Check,,545aefe91eec7814a9fa9f118a9e607adab7e896,false
AccountHistory (1).qbo,(1),[ROUTING-REDACTED],313240148560,CHECKING,2026-04-08,DEBIT,-20125.00,Domestic Wire Withdrawal Outgoin,Domestic Wire Withdrawal Outgoing Seq 135186 Arixa Cap,12cd9cef2ecccc9ba7b6992b04ace351a74b96c8,false
AccountHistory (1).qbo,(1),[ROUTING-REDACTED],313240148560,CHECKING,2026-04-08,DEBIT,-15.00,Domestic Wire Wth Fee Domestic O,Domestic Wire Wth Fee Domestic Outgoing Wire Fee 13518,88c415dc7e2a5c5406bba7e4519025442c5cf1cc,false
AccountHistory (1).qbo,(1),[ROUTING-REDACTED],313240148560,CHECKING,2026-04-10,CHECK,-1867.22,Check,,84c51b8c4a605edf3370c152c93e8ad0d37475c8,false
AccountHistory (1).qbo,(1),[ROUTING-REDACTED],313240148560,CHECKING,2026-04-10,DEBIT,-210.00,Ext WD ALERTLINE COMMUN  - SALE,Ext WD ALERTLINE COMMUN - SALE,a137bdcbb70988ed5ebb4c3998a8a47234b4c63a,false
AccountHistory (1).qbo,(1),[ROUTING-REDACTED],313240148560,CHECKING,2026-04-14,DEBIT,-23.19,Ext WD DELUXE CHECK  - CHECK/ACC,Ext WD DELUXE CHECK - CHECK/ACC.,5aef72021a2e3ec08a64e943dc21f40dbf9fae28,false
AccountHistory (1).qbo,(1),[ROUTING-REDACTED],313240148560,CHECKING,2026-04-15,CHECK,-1500.00,Check,,ee6a98cc9603f020bae76abed2a37b11cf8cb3a8,false
AccountHistory (1).qbo,(1),[ROUTING-REDACTED],313240148560,CHECKING,2026-04-20,DEBIT,-346.66,Ext WD ALERTLINE COMMUN  - SALE,Ext WD ALERTLINE COMMUN - SALE,65e0571e0380f300ffabde2e48fc99f90fc9a8c5,false
AccountHistory (1).qbo,(1),[ROUTING-REDACTED],313240148560,CHECKING,2026-04-20,CREDIT,9850.00,Deposit,,baa2a240c96a49813460dbe82838cd25f534d688,false
AccountHistory (1).qbo,(1),[ROUTING-REDACTED],313240148560,CHECKING,2026-04-23,DEBIT,-301.00,Ext WD KIRTON MCCONKIE  - PURCHA,Ext WD KIRTON MCCONKIE - PURCHASE,20a8a873ba4bf01883de0024357d0124615e98be,false
AccountHistory (1).qbo,(1),[ROUTING-REDACTED],313240148560,CHECKING,2026-04-24,DEBIT,-1643.00,Ext WD SELECTIVE INS  - SELECTIV,Ext WD SELECTIVE INS - SELECTIVE,0a097cff21303f4585a490c332ab065ac85fc519,false
AccountHistory (1).qbo,(1),[ROUTING-REDACTED],313240148560,CHECKING,2026-04-27,DEBIT,-907.98,Ext WD OGDEN CITY UT 801-629-800,Ext WD OGDEN CITY UT 801-629-8000 - CITY OF,8775c393a2475b494e8d91a7f7e8493d78abdf1b,false
AccountHistory (1).qbo,(1),[ROUTING-REDACTED],313240148560,CHECKING,2026-05-02,DEBIT,-7.50,POS  UT INTERACTIVE-INTERNET801-,POS UT INTERACTIVE-INTERNET801-983-0275 UTUS,33a4500ab94469fee67ba1c7e26db429f91f2e57,false
AccountHistory (2).qbo,(2),[ROUTING-REDACTED],[ACCOUNT-REDACTED],CHECKING,2026-05-01,DEBIT,-20.00,Monthly Maintenance Fee,,9044e1386cd99a667c55ea733c199b963b771bab,false
AccountHistory (2).qbo,(2),[ROUTING-REDACTED],[ACCOUNT-REDACTED],CHECKING,2026-05-01,CREDIT,1079.00,Ext Dep SREENIVASA RAO G ONLNE T,Ext Dep SREENIVASA RAO G ONLNE TRNSFR88871070 - SENDER,3e762b1f4d63efa1cc8c6ae32508b701aa6253cf,false
AccountHistory (2).qbo,(2),[ROUTING-REDACTED],[ACCOUNT-REDACTED],CHECKING,2026-05-01,DEBIT,-3250.00,Ext WD COPA LENDING LLC  - LOAN,Ext WD COPA LENDING LLC - LOAN PMT. 3791,24ea40b50a24481fd2838c1e20324217693fa8ff,false
AccountHistory (2).qbo,(2),[ROUTING-REDACTED],[ACCOUNT-REDACTED],CHECKING,2026-05-01,CREDIT,162.50,Deposit,,5bad524fcc3d470087768152974bec37980b2185,false
AccountHistory (2).qbo,(2),[ROUTING-REDACTED],[ACCOUNT-REDACTED],CHECKING,2026-05-06,DEBIT,-13.08,Ext WD NRG BUS. DIRECT DEBIT - 0,Ext WD NRG BUS. DIRECT DEBIT - 0320D,ef835753ee0efa37a6307f15f31a320ccca8a15d,false
AccountHistory (2).qbo,(2),[ROUTING-REDACTED],[ACCOUNT-REDACTED],CHECKING,2026-05-06,CREDIT,15848.91,Deposit Vic cash call,,f7a303c48a9aeb6540f8b01ac68e7efe14323f44,false
AccountHistory (2).qbo,(2),[ROUTING-REDACTED],[ACCOUNT-REDACTED],CHECKING,2026-05-06,CHECK,-240.00,Check,,9790d759a1c88bf2965738f361a736388b95a756,false
AccountHistory (2).qbo,(2),[ROUTING-REDACTED],[ACCOUNT-REDACTED],CHECKING,2026-05-06,DEBIT,-38365.59,Domestic Wire Withdrawal Outgoin,Domestic Wire Withdrawal Outgoing Seq 136839 M-13 Cons,bbe3ea72720af4adbb334e3068d6733d1457e908,false
AccountHistory (2).qbo,(2),[ROUTING-REDACTED],[ACCOUNT-REDACTED],CHECKING,2026-05-06,DEBIT,-15.00,Domestic Wire Wth Fee Domestic O,Domestic Wire Wth Fee Domestic Outgoing Wire Fee 13683,cf78446d1fa6678d5eed41fe2d8b07e946739236,false
AccountHistory (2).qbo,(2),[ROUTING-REDACTED],[ACCOUNT-REDACTED],CHECKING,2026-05-07,CREDIT,552.50,Deposit,,f7a3904aca1196d1c5de3fa5a6e96710fe400fbd,false
AccountHistory (2).qbo,(2),[ROUTING-REDACTED],[ACCOUNT-REDACTED],CHECKING,2026-05-07,CREDIT,162.50,Deposit,,7b0a00feb1654c20efa5be1dbdde0f536e3ecc5f,false
AccountHistory (2).qbo,(2),[ROUTING-REDACTED],[ACCOUNT-REDACTED],CHECKING,2026-05-07,CREDIT,162.50,Deposit,,dc3f2291995a5e0db484842f3fcef1e1b0946ca5,false
AccountHistory (2).qbo,(2),[ROUTING-REDACTED],[ACCOUNT-REDACTED],CHECKING,2026-05-07,CREDIT,162.50,Deposit,,d3f98f22f2df0d40b2bac9d11852a83c7f855597,false
AccountHistory (2).qbo,(2),[ROUTING-REDACTED],[ACCOUNT-REDACTED],CHECKING,2026-05-15,DEBIT,-1625.00,Ext WD COPA LENDING LLC  - CASH,Ext WD COPA LENDING LLC - CASH CON 3791 EXT,3bdbb5c4b5b9a8ff1db1e294f3b8811bbc578843,false
AccountHistory (2).qbo,(2),[ROUTING-REDACTED],[ACCOUNT-REDACTED],CHECKING,2026-05-19,CREDIT,260.00,Domestic Wire Deposit Incoming S,Domestic Wire Deposit Incoming Seq 97669668 CHANDLER J,1d13353f9d15466868aa282e1da4439883eb895b,false
AccountHistory (2).qbo,(2),[ROUTING-REDACTED],[ACCOUNT-REDACTED],CHECKING,2026-05-22,CREDIT,80.60,Deposit,,ee1fb1d4a4eafbbb5227d9ff5748410cfb65895d,false
AccountHistory (2).qbo,(2),[ROUTING-REDACTED],[ACCOUNT-REDACTED],CHECKING,2026-05-29,CREDIT,17953.00,Deposit Transfer funds to cover,Deposit Transfer funds to cover for Vic Starr Matthews,865330231db2422b256e8c2bc7f0ee067fdf92f5,false
AccountHistory (2).qbo,(2),[ROUTING-REDACTED],[ACCOUNT-REDACTED],CHECKING,2026-05-31,DEBIT,-20.00,Monthly Maintenance Fee,,145f0e68c9e32eb9817985c83ed312b248f20855,false
AccountHistory (2).qbo,(2),[ROUTING-REDACTED],[ACCOUNT-REDACTED],CHECKING,2026-06-01,DEBIT,-3358.33,Ext WD COPA LENDING LLC  - LOAN,Ext WD COPA LENDING LLC - LOAN PMT. 3791,b366b3676e9b2387d17a048d36409a170f8ded43,false
AccountHistory (2).qbo,(2),[ROUTING-REDACTED],[ACCOUNT-REDACTED],CHECKING,2026-06-01,DEBIT,-17953.00,Ext WD STARR-MATHEWS AG ACH TRAN,Ext WD STARR-MATHEWS AG ACH TRANSACTION - 7069353731 L,67c3f5d3995ba7707b59744a281bd39f96720b14,false
AccountHistory (3).qbo,(3),[ROUTING-REDACTED],[ACCOUNT-REDACTED],CHECKING,2026-05-08,DEBIT,-890.00,Ext WD Corp E Corp DE eCorp Tax,Ext WD Corp E Corp DE eCorp Tax - E-CHECK,6a23ff23799c155ad7ca896af48cb6efa8717d6c,false
AccountHistory (4).qbo,(4),[ROUTING-REDACTED],313235866510,CHECKING,2026-05-01,CREDIT,18.00,Deposit,,7823774c314a22e3bf0e8401164a0e10e33cd755,false
AccountHistory (5).qbo,(5),[ROUTING-REDACTED],313235881900,CHECKING,2026-05-01,DEBIT,-20.00,Monthly Maintenance Fee,,058fae1c24cc1cc0d0e7be796c7e48599e8b9410,false
AccountHistory (5).qbo,(5),[ROUTING-REDACTED],313235881900,CHECKING,2026-05-20,DEBIT,-1235.00,Ext WD HUNT HUEY PLLC  - J2893 O,Ext WD HUNT HUEY PLLC - J2893 OOFF TRN*1*CZ10000SEABQC,3ae6f46ab94595dee88cbb306e7b054b1b5b6e8d,false
AccountHistory (5).qbo,(5),[ROUTING-REDACTED],313235881900,CHECKING,2026-05-21,DEBIT,-1495.00,Ext WD HUNT HUEY PLLC  - J2894 O,Ext WD HUNT HUEY PLLC - J2894 OOFF TRN*1*CZ10000SFDZNC,e17a73015e706d1c9b5886cb055e4a2568d41225,false
AccountHistory (5).qbo,(5),[ROUTING-REDACTED],313235881900,CHECKING,2026-05-31,DEBIT,-20.00,Monthly Maintenance Fee,,ec167d5987cd8d148b49c40cf7436415183672d3,false
AccountHistory (5).qbo,(5),[ROUTING-REDACTED],313235881900,CHECKING,2026-06-11,CREDIT,50000.00,Domestic Wire Deposit Incoming S,Domestic Wire Deposit Incoming Seq 98453175 CAPITAL TI,49d927814068267bc02ebfc16b4f9eb4f55b7a49,false
AccountHistory.qbo,AccountHistory,[ROUTING-REDACTED],[ACCOUNT-REDACTED],CHECKING,2026-04-08,CHECK,-800.00,Check,,9072863b3672fcb50f84d2e56fffaa275c687322,false
AccountHistory.qbo,AccountHistory,[ROUTING-REDACTED],[ACCOUNT-REDACTED],CHECKING,2026-04-09,CREDIT,850000.00,Deposit Draw 19,,2e45b1f3862019505247c8a0d7002e261d00535e,false
AccountHistory.qbo,AccountHistory,[ROUTING-REDACTED],[ACCOUNT-REDACTED],CHECKING,2026-04-10,DEBIT,-870400.61,Withdrawal,,87485756b547ee9ca1b66390b8e7154a097094d0,false
AccountHistory.qbo,AccountHistory,[ROUTING-REDACTED],[ACCOUNT-REDACTED],CHECKING,2026-04-16,DEBIT,-42.70,POS  FEDEX OFFICE 1656 PVUKNSPAN,POS FEDEX OFFICE 1656 PVUKNSPANISH FORK UTUS,7d5c39cc5c0c2af47cccb639b4da9be1097ee676,false
AccountHistory.qbo,AccountHistory,[ROUTING-REDACTED],[ACCOUNT-REDACTED],CHECKING,2026-04-22,CREDIT,600000.00,Deposit EB 5 LOAN ELITE,,642407604ff149a19a6fc92cb414de45eb90b46d,false
AccountHistory.qbo,AccountHistory,[ROUTING-REDACTED],[ACCOUNT-REDACTED],CHECKING,2026-04-22,DEBIT,-596164.38,Domestic Wire Withdrawal Outgoin,Domestic Wire Withdrawal Outgoing Seq 135948 Rock Cree,8804b034a67708802e536543cf12c2952d920bfb,false
AccountHistory.qbo,AccountHistory,[ROUTING-REDACTED],[ACCOUNT-REDACTED],CHECKING,2026-04-22,DEBIT,-15.00,Domestic Wire Wth Fee Domestic O,Domestic Wire Wth Fee Domestic Outgoing Wire Fee 13594,7fb7061aa484191a1205ee9a02b88a7ea58212e7,false
AccountHistory.qbo,AccountHistory,[ROUTING-REDACTED],[ACCOUNT-REDACTED],CHECKING,2026-05-05,CHECK,-800.00,Check,,2daa192879d0686f6c6a40ad215db20d10d106dc,false
AccountHistory.qbo,AccountHistory,[ROUTING-REDACTED],[ACCOUNT-REDACTED],CHECKING,2026-05-05,CHECK,-7000.00,Check,,8644698412df6e2cad641a74a693a3971a5141fc,false
